N-be75eec_150,ils_TEI_perturb_insert_time_22.072700_moves_2_cw,150,ils,TEI,insert,cw,2,3463402,3482828,22.0861,0
N-be75eec_150,ils_TEI_perturb_insert_time_22.072700_moves_3_cw,150,ils,TEI,insert,cw,3,3451100,3482828,22.077,0
N-be75eec_150,ils_TEI_perturb_insert_time_22.072700_moves_4_cw,150,ils,TEI,insert,cw,4,3452644,3482828,22.0828,0
N-be75eec_150,ils_TEI_perturb_insert_time_22.072700_moves_5_cw,150,ils,TEI,insert,cw,5,3452870,3482828,22.0856,0
N-be75eec_150,ils_TEI_perturb_insert_time_22.072700_moves_6_cw,150,ils,TEI,insert,cw,6,3446994,3482828,22.0892,1
N-be75eec_150,ils_TEI_perturb_insert_time_22.072700_moves_7_cw,150,ils,TEI,insert,cw,7,3457368,3482828,22.1073,0
N-be75eec_150,ils_TEI_perturb_insert_time_22.072700_moves_8_cw,150,ils,TEI,insert,cw,8,3456950,3482828,22.1081,0
N-be75eec_150,ils_TEI_perturb_insert_time_22.072700_moves_9_cw,150,ils,TEI,insert,cw,9,3448990,3482828,22.0849,0
N-be75np_150,ils_TEI_perturb_insert_time_22.846850_moves_2_cw,150,ils,TEI,insert,cw,2,7117224,7174325,22.8477,0
N-be75np_150,ils_TEI_perturb_insert_time_22.846850_moves_3_cw,150,ils,TEI,insert,cw,3,7118043,7174325,22.8559,0
N-be75np_150,ils_TEI_perturb_insert_time_22.846850_moves_4_cw,150,ils,TEI,insert,cw,4,7131255,7174325,22.86,0
N-be75np_150,ils_TEI_perturb_insert_time_22.846850_moves_5_cw,150,ils,TEI,insert,cw,5,7123332,7174325,22.8572,0
N-be75np_150,ils_TEI_perturb_insert_time_22.846850_moves_6_cw,150,ils,TEI,insert,cw,6,7110692,7174325,22.8653,0
N-be75np_150,ils_TEI_perturb_insert_time_22.846850_moves_7_cw,150,ils,TEI,insert,cw,7,7126186,7174325,22.8832,0
N-be75np_150,ils_TEI_perturb_insert_time_22.846850_moves_8_cw,150,ils,TEI,insert,cw,8,7145808,7174325,22.8534,0
N-be75np_150,ils_TEI_perturb_insert_time_22.846850_moves_9_cw,150,ils,TEI,insert,cw,9,7108806,7174325,22.8484,0
N-be75oi_150,ils_TEI_perturb_insert_time_31.828150_moves_2_cw,150,ils,TEI,insert,cw,2,2236806,2246534,31.8338,0
N-be75oi_150,ils_TEI_perturb_insert_time_31.828150_moves_3_cw,150,ils,TEI,insert,cw,3,2239624,2246534,31.8668,0
N-be75oi_150,ils_TEI_perturb_insert_time_31.828150_moves_4_cw,150,ils,TEI,insert,cw,4,2238376,2246534,31.8324,0
N-be75oi_150,ils_TEI_perturb_insert_time_31.828150_moves_5_cw,150,ils,TEI,insert,cw,5,2240899,2246534,31.8793,0
N-be75oi_150,ils_TEI_perturb_insert_time_31.828150_moves_6_cw,150,ils,TEI,insert,cw,6,2242134,2246534,31.8749,0
N-be75oi_150,ils_TEI_perturb_insert_time_31.828150_moves_7_cw,150,ils,TEI,insert,cw,7,2240164,2246534,31.8591,0
N-be75oi_150,ils_TEI_perturb_insert_time_31.828150_moves_8_cw,150,ils,TEI,insert,cw,8,2239906,2246534,31.8524,0
N-be75oi_150,ils_TEI_perturb_insert_time_31.828150_moves_9_cw,150,ils,TEI,insert,cw,9,2242928,2246534,31.8615,0
N-be75tot_150,ils_TEI_perturb_insert_time_22.396400_moves_2_cw,150,ils,TEI,insert,cw,2,12198231,12287707,22.3978,0
N-be75tot_150,ils_TEI_perturb_insert_time_22.396400_moves_3_cw,150,ils,TEI,insert,cw,3,12124234,12287707,22.3995,1
N-be75tot_150,ils_TEI_perturb_insert_time_22.396400_moves_4_cw,150,ils,TEI,insert,cw,4,12133504,12287707,22.4089,1
N-be75tot_150,ils_TEI_perturb_insert_time_22.396400_moves_5_cw,150,ils,TEI,insert,cw,5,12199300,12287707,22.4102,0
N-be75tot_150,ils_TEI_perturb_insert_time_22.396400_moves_6_cw,150,ils,TEI,insert,cw,6,12195112,12287707,22.4612,0
N-be75tot_150,ils_TEI_perturb_insert_time_22.396400_moves_7_cw,150,ils,TEI,insert,cw,7,12201568,12287707,22.4565,0
N-be75tot_150,ils_TEI_perturb_insert_time_22.396400_moves_8_cw,150,ils,TEI,insert,cw,8,12193752,12287707,22.4594,0
N-be75tot_150,ils_TEI_perturb_insert_time_22.396400_moves_9_cw,150,ils,TEI,insert,cw,9,12126183,12287707,22.4162,1
N-stabu1_150,ils_TEI_perturb_insert_time_23.729900_moves_2_cw,150,ils,TEI,insert,cw,2,2856774,2875732,23.7421,0
N-stabu1_150,ils_TEI_perturb_insert_time_23.729900_moves_3_cw,150,ils,TEI,insert,cw,3,2848093,2875732,23.744,0
N-stabu1_150,ils_TEI_perturb_insert_time_23.729900_moves_4_cw,150,ils,TEI,insert,cw,4,2850953,2875732,23.7694,0
N-stabu1_150,ils_TEI_perturb_insert_time_23.729900_moves_5_cw,150,ils,TEI,insert,cw,5,2852546,2875732,23.7673,0
N-stabu1_150,ils_TEI_perturb_insert_time_23.729900_moves_6_cw,150,ils,TEI,insert,cw,6,2850518,2875732,23.7667,0
N-stabu1_150,ils_TEI_perturb_insert_time_23.729900_moves_7_cw,150,ils,TEI,insert,cw,7,2857276,2875732,23.7443,0
N-stabu1_150,ils_TEI_perturb_insert_time_23.729900_moves_8_cw,150,ils,TEI,insert,cw,8,2852706,2875732,23.756,0
N-stabu1_150,ils_TEI_perturb_insert_time_23.729900_moves_9_cw,150,ils,TEI,insert,cw,9,2850195,2875732,23.7648,0
N-stabu2_150,ils_TEI_perturb_insert_time_24.571050_moves_2_cw,150,ils,TEI,insert,cw,2,4282434,4327538,24.5738,1
N-stabu2_150,ils_TEI_perturb_insert_time_24.571050_moves_3_cw,150,ils,TEI,insert,cw,3,4293025,4327538,24.5771,0
N-stabu2_150,ils_TEI_perturb_insert_time_24.571050_moves_4_cw,150,ils,TEI,insert,cw,4,4305193,4327538,24.5864,0
N-stabu2_150,ils_TEI_perturb_insert_time_24.571050_moves_5_cw,150,ils,TEI,insert,cw,5,4305847,4327538,24.574,0
N-stabu2_150,ils_TEI_perturb_insert_time_24.571050_moves_6_cw,150,ils,TEI,insert,cw,6,4309720,4327538,24.5905,0
N-stabu2_150,ils_TEI_perturb_insert_time_24.571050_moves_7_cw,150,ils,TEI,insert,cw,7,4304411,4327538,24.5931,0
N-stabu2_150,ils_TEI_perturb_insert_time_24.571050_moves_8_cw,150,ils,TEI,insert,cw,8,4309463,4327538,24.5994,0
N-stabu2_150,ils_TEI_perturb_insert_time_24.571050_moves_9_cw,150,ils,TEI,insert,cw,9,4287750,4327538,24.5849,0
N-stabu3_150,ils_TEI_perturb_insert_time_23.978350_moves_2_cw,150,ils,TEI,insert,cw,2,4490815,4510445,23.9786,0
N-stabu3_150,ils_TEI_perturb_insert_time_23.978350_moves_3_cw,150,ils,TEI,insert,cw,3,4483616,4510445,23.9836,0
N-stabu3_150,ils_TEI_perturb_insert_time_23.978350_moves_4_cw,150,ils,TEI,insert,cw,4,4486319,4510445,23.9791,0
N-stabu3_150,ils_TEI_perturb_insert_time_23.978350_moves_5_cw,150,ils,TEI,insert,cw,5,4481651,4510445,24.0029,0
N-stabu3_150,ils_TEI_perturb_insert_time_23.978350_moves_6_cw,150,ils,TEI,insert,cw,6,4482828,4510445,24.0177,0
N-stabu3_150,ils_TEI_perturb_insert_time_23.978350_moves_7_cw,150,ils,TEI,insert,cw,7,4486713,4510445,23.9807,0
N-stabu3_150,ils_TEI_perturb_insert_time_23.978350_moves_8_cw,150,ils,TEI,insert,cw,8,4481575,4510445,23.9994,0
N-stabu3_150,ils_TEI_perturb_insert_time_23.978350_moves_9_cw,150,ils,TEI,insert,cw,9,4478228,4510445,24.0382,0
N-t59b11xx_150,ils_TEI_perturb_insert_time_23.187000_moves_2_cw,150,ils,TEI,insert,cw,2,3218600,3239550,23.192,0
N-t59b11xx_150,ils_TEI_perturb_insert_time_23.187000_moves_3_cw,150,ils,TEI,insert,cw,3,3210645,3239550,23.192,0
N-t59b11xx_150,ils_TEI_perturb_insert_time_23.187000_moves_4_cw,150,ils,TEI,insert,cw,4,3228580,3239550,23.206,0
N-t59b11xx_150,ils_TEI_perturb_insert_time_23.187000_moves_5_cw,150,ils,TEI,insert,cw,5,3201460,3239550,23.2222,1
N-t59b11xx_150,ils_TEI_perturb_insert_time_23.187000_moves_6_cw,150,ils,TEI,insert,cw,6,3213735,3239550,23.1932,0
N-t59b11xx_150,ils_TEI_perturb_insert_time_23.187000_moves_7_cw,150,ils,TEI,insert,cw,7,3210620,3239550,23.1901,0
N-t59b11xx_150,ils_TEI_perturb_insert_time_23.187000_moves_8_cw,150,ils,TEI,insert,cw,8,3213475,3239550,23.2273,0
N-t59b11xx_150,ils_TEI_perturb_insert_time_23.187000_moves_9_cw,150,ils,TEI,insert,cw,9,3208830,3239550,23.2316,0
N-t59d11xx_150,ils_TEI_perturb_insert_time_24.218950_moves_2_cw,150,ils,TEI,insert,cw,2,1442196,1462697,24.2205,1
N-t59d11xx_150,ils_TEI_perturb_insert_time_24.218950_moves_3_cw,150,ils,TEI,insert,cw,3,1446892,1462697,24.2227,1
N-t59d11xx_150,ils_TEI_perturb_insert_time_24.218950_moves_4_cw,150,ils,TEI,insert,cw,4,1444772,1462697,24.2451,1
N-t59d11xx_150,ils_TEI_perturb_insert_time_24.218950_moves_5_cw,150,ils,TEI,insert,cw,5,1441856,1462697,24.2431,1
N-t59d11xx_150,ils_TEI_perturb_insert_time_24.218950_moves_6_cw,150,ils,TEI,insert,cw,6,1441237,1462697,24.2301,1
N-t59d11xx_150,ils_TEI_perturb_insert_time_24.218950_moves_7_cw,150,ils,TEI,insert,cw,7,1450873,1462697,24.2367,0
N-t59d11xx_150,ils_TEI_perturb_insert_time_24.218950_moves_8_cw,150,ils,TEI,insert,cw,8,1440088,1462697,24.2522,1
N-t59d11xx_150,ils_TEI_perturb_insert_time_24.218950_moves_9_cw,150,ils,TEI,insert,cw,9,1443467,1462697,24.2758,1
N-t59f11xx_150,ils_TEI_perturb_insert_time_19.571550_moves_2_cw,150,ils,TEI,insert,cw,2,1528321,1543733,19.5795,0
N-t59f11xx_150,ils_TEI_perturb_insert_time_19.571550_moves_3_cw,150,ils,TEI,insert,cw,3,1527574,1543733,19.5778,1
N-t59f11xx_150,ils_TEI_perturb_insert_time_19.571550_moves_4_cw,150,ils,TEI,insert,cw,4,1528181,1543733,19.584,1
N-t59f11xx_150,ils_TEI_perturb_insert_time_19.571550_moves_5_cw,150,ils,TEI,insert,cw,5,1528825,1543733,19.5842,0
N-t59f11xx_150,ils_TEI_perturb_insert_time_19.571550_moves_6_cw,150,ils,TEI,insert,cw,6,1526471,1543733,19.5792,1
N-t59f11xx_150,ils_TEI_perturb_insert_time_19.571550_moves_7_cw,150,ils,TEI,insert,cw,7,1523880,1543733,19.6142,1
N-t59f11xx_150,ils_TEI_perturb_insert_time_19.571550_moves_8_cw,150,ils,TEI,insert,cw,8,1531331,1543733,19.5795,0
N-t59f11xx_150,ils_TEI_perturb_insert_time_19.571550_moves_9_cw,150,ils,TEI,insert,cw,9,1529530,1543733,19.5746,0
N-t59n11xx_150,ils_TEI_perturb_insert_time_24.762300_moves_2_cw,150,ils,TEI,insert,cw,2,315490,318960,24.7723,1
N-t59n11xx_150,ils_TEI_perturb_insert_time_24.762300_moves_3_cw,150,ils,TEI,insert,cw,3,315523,318960,24.7706,1
N-t59n11xx_150,ils_TEI_perturb_insert_time_24.762300_moves_4_cw,150,ils,TEI,insert,cw,4,315477,318960,24.771,1
N-t59n11xx_150,ils_TEI_perturb_insert_time_24.762300_moves_5_cw,150,ils,TEI,insert,cw,5,318128,318960,24.8145,0
N-t59n11xx_150,ils_TEI_perturb_insert_time_24.762300_moves_6_cw,150,ils,TEI,insert,cw,6,315794,318960,24.7683,0
N-t59n11xx_150,ils_TEI_perturb_insert_time_24.762300_moves_7_cw,150,ils,TEI,insert,cw,7,317124,318960,24.7882,0
N-t59n11xx_150,ils_TEI_perturb_insert_time_24.762300_moves_8_cw,150,ils,TEI,insert,cw,8,314949,318960,24.7756,1
N-t59n11xx_150,ils_TEI_perturb_insert_time_24.762300_moves_9_cw,150,ils,TEI,insert,cw,9,317867,318960,24.7678,0
N-t65b11xx_150,ils_TEI_perturb_insert_time_26.253050_moves_2_cw,150,ils,TEI,insert,cw,2,6402068,6453836,26.258,0
N-t65b11xx_150,ils_TEI_perturb_insert_time_26.253050_moves_3_cw,150,ils,TEI,insert,cw,3,6420527,6453836,26.2677,0
N-t65b11xx_150,ils_TEI_perturb_insert_time_26.253050_moves_4_cw,150,ils,TEI,insert,cw,4,6406097,6453836,26.2711,0
N-t65b11xx_150,ils_TEI_perturb_insert_time_26.253050_moves_5_cw,150,ils,TEI,insert,cw,5,6412985,6453836,26.3025,0
N-t65b11xx_150,ils_TEI_perturb_insert_time_26.253050_moves_6_cw,150,ils,TEI,insert,cw,6,6417714,6453836,26.2777,0
N-t65b11xx_150,ils_TEI_perturb_insert_time_26.253050_moves_7_cw,150,ils,TEI,insert,cw,7,6416739,6453836,26.2709,0
N-t65b11xx_150,ils_TEI_perturb_insert_time_26.253050_moves_8_cw,150,ils,TEI,insert,cw,8,6412826,6453836,26.2964,0
N-t65b11xx_150,ils_TEI_perturb_insert_time_26.253050_moves_9_cw,150,ils,TEI,insert,cw,9,6413574,6453836,26.2784,0
N-t65d11xx_150,ils_TEI_perturb_insert_time_18.859300_moves_2_cw,150,ils,TEI,insert,cw,2,3520809,3559347,18.8654,1
N-t65d11xx_150,ils_TEI_perturb_insert_time_18.859300_moves_3_cw,150,ils,TEI,insert,cw,3,3531891,3559347,18.8688,0
N-t65d11xx_150,ils_TEI_perturb_insert_time_18.859300_moves_4_cw,150,ils,TEI,insert,cw,4,3514398,3559347,18.8709,1
N-t65d11xx_150,ils_TEI_perturb_insert_time_18.859300_moves_5_cw,150,ils,TEI,insert,cw,5,3514059,3559347,18.8996,1
N-t65d11xx_150,ils_TEI_perturb_insert_time_18.859300_moves_6_cw,150,ils,TEI,insert,cw,6,3511767,3559347,18.8739,1
N-t65d11xx_150,ils_TEI_perturb_insert_time_18.859300_moves_7_cw,150,ils,TEI,insert,cw,7,3513603,3559347,18.8832,1
N-t65d11xx_150,ils_TEI_perturb_insert_time_18.859300_moves_8_cw,150,ils,TEI,insert,cw,8,3513387,3559347,18.9044,1
N-t65d11xx_150,ils_TEI_perturb_insert_time_18.859300_moves_9_cw,150,ils,TEI,insert,cw,9,3498234,3559347,18.8876,1
N-t65f11xx_150,ils_TEI_perturb_insert_time_22.022700_moves_2_cw,150,ils,TEI,insert,cw,2,3127690,3159326,22.042,1
N-t65f11xx_150,ils_TEI_perturb_insert_time_22.022700_moves_3_cw,150,ils,TEI,insert,cw,3,3121387,3159326,22.0363,1
N-t65f11xx_150,ils_TEI_perturb_insert_time_22.022700_moves_4_cw,150,ils,TEI,insert,cw,4,3120002,3159326,22.0352,1
N-t65f11xx_150,ils_TEI_perturb_insert_time_22.022700_moves_5_cw,150,ils,TEI,insert,cw,5,3107404,3159326,22.03,1
N-t65f11xx_150,ils_TEI_perturb_insert_time_22.022700_moves_6_cw,150,ils,TEI,insert,cw,6,3119987,3159326,22.0302,1
N-t65f11xx_150,ils_TEI_perturb_insert_time_22.022700_moves_7_cw,150,ils,TEI,insert,cw,7,3105244,3159326,22.1216,1
N-t65f11xx_150,ils_TEI_perturb_insert_time_22.022700_moves_8_cw,150,ils,TEI,insert,cw,8,3113705,3159326,22.0621,1
N-t65f11xx_150,ils_TEI_perturb_insert_time_22.022700_moves_9_cw,150,ils,TEI,insert,cw,9,3115190,3159326,22.0336,1
N-t65l11xx_150,ils_TEI_perturb_insert_time_21.741200_moves_2_cw,150,ils,TEI,insert,cw,2,252227,253396,21.762,0
N-t65l11xx_150,ils_TEI_perturb_insert_time_21.741200_moves_3_cw,150,ils,TEI,insert,cw,3,251573,253396,21.7506,0
N-t65l11xx_150,ils_TEI_perturb_insert_time_21.741200_moves_4_cw,150,ils,TEI,insert,cw,4,252364,253396,21.7651,0
N-t65l11xx_150,ils_TEI_perturb_insert_time_21.741200_moves_5_cw,150,ils,TEI,insert,cw,5,252030,253396,21.791,0
N-t65l11xx_150,ils_TEI_perturb_insert_time_21.741200_moves_6_cw,150,ils,TEI,insert,cw,6,251606,253396,21.7977,0
N-t65l11xx_150,ils_TEI_perturb_insert_time_21.741200_moves_7_cw,150,ils,TEI,insert,cw,7,252021,253396,21.7612,0
N-t65l11xx_150,ils_TEI_perturb_insert_time_21.741200_moves_8_cw,150,ils,TEI,insert,cw,8,251244,253396,21.7898,0
N-t65l11xx_150,ils_TEI_perturb_insert_time_21.741200_moves_9_cw,150,ils,TEI,insert,cw,9,252340,253396,21.7721,0
N-t65n11xx_150,ils_TEI_perturb_insert_time_21.989900_moves_2_cw,150,ils,TEI,insert,cw,2,544457,550733,21.9988,1
N-t65n11xx_150,ils_TEI_perturb_insert_time_21.989900_moves_3_cw,150,ils,TEI,insert,cw,3,544530,550733,22.0045,1
N-t65n11xx_150,ils_TEI_perturb_insert_time_21.989900_moves_4_cw,150,ils,TEI,insert,cw,4,546664,550733,22.0042,0
N-t65n11xx_150,ils_TEI_perturb_insert_time_21.989900_moves_5_cw,150,ils,TEI,insert,cw,5,545637,550733,21.993,0
N-t65n11xx_150,ils_TEI_perturb_insert_time_21.989900_moves_6_cw,150,ils,TEI,insert,cw,6,545381,550733,22.0429,0
N-t65n11xx_150,ils_TEI_perturb_insert_time_21.989900_moves_7_cw,150,ils,TEI,insert,cw,7,544996,550733,22.0565,1
N-t65n11xx_150,ils_TEI_perturb_insert_time_21.989900_moves_8_cw,150,ils,TEI,insert,cw,8,545080,550733,22.0181,1
N-t65n11xx_150,ils_TEI_perturb_insert_time_21.989900_moves_9_cw,150,ils,TEI,insert,cw,9,544619,550733,22.01,1
N-t69r11xx_150,ils_TEI_perturb_insert_time_27.578950_moves_2_cw,150,ils,TEI,insert,cw,2,11716832,11855957,27.5837,1
N-t69r11xx_150,ils_TEI_perturb_insert_time_27.578950_moves_3_cw,150,ils,TEI,insert,cw,3,11729308,11855957,27.5858,1
N-t69r11xx_150,ils_TEI_perturb_insert_time_27.578950_moves_4_cw,150,ils,TEI,insert,cw,4,11760407,11855957,27.6158,0
N-t69r11xx_150,ils_TEI_perturb_insert_time_27.578950_moves_5_cw,150,ils,TEI,insert,cw,5,11680061,11855957,27.5815,1
N-t69r11xx_150,ils_TEI_perturb_insert_time_27.578950_moves_6_cw,150,ils,TEI,insert,cw,6,11702052,11855957,27.5978,1
N-t69r11xx_150,ils_TEI_perturb_insert_time_27.578950_moves_7_cw,150,ils,TEI,insert,cw,7,11673919,11855957,27.6021,1
N-t69r11xx_150,ils_TEI_perturb_insert_time_27.578950_moves_8_cw,150,ils,TEI,insert,cw,8,11667079,11855957,27.5894,1
N-t69r11xx_150,ils_TEI_perturb_insert_time_27.578950_moves_9_cw,150,ils,TEI,insert,cw,9,11704771,11855957,27.6221,1
N-t70b11xx_150,ils_TEI_perturb_insert_time_26.324350_moves_2_cw,150,ils,TEI,insert,cw,2,9585837,9647229,26.3362,0
N-t70b11xx_150,ils_TEI_perturb_insert_time_26.324350_moves_3_cw,150,ils,TEI,insert,cw,3,9584535,9647229,26.3548,0
N-t70b11xx_150,ils_TEI_perturb_insert_time_26.324350_moves_4_cw,150,ils,TEI,insert,cw,4,9583845,9647229,26.3595,0
N-t70b11xx_150,ils_TEI_perturb_insert_time_26.324350_moves_5_cw,150,ils,TEI,insert,cw,5,9588335,9647229,26.3317,0
N-t70b11xx_150,ils_TEI_perturb_insert_time_26.324350_moves_6_cw,150,ils,TEI,insert,cw,6,9575269,9647229,26.3464,0
N-t70b11xx_150,ils_TEI_perturb_insert_time_26.324350_moves_7_cw,150,ils,TEI,insert,cw,7,9560393,9647229,26.3321,0
N-t70b11xx_150,ils_TEI_perturb_insert_time_26.324350_moves_8_cw,150,ils,TEI,insert,cw,8,9582008,9647229,26.3753,0
N-t70b11xx_150,ils_TEI_perturb_insert_time_26.324350_moves_9_cw,150,ils,TEI,insert,cw,9,9576386,9647229,26.3711,0
N-t70d11xn_150,ils_TEI_perturb_insert_time_21.733400_moves_2_cw,150,ils,TEI,insert,cw,2,5775750,5825147,21.7347,0
N-t70d11xn_150,ils_TEI_perturb_insert_time_21.733400_moves_3_cw,150,ils,TEI,insert,cw,3,5735940,5825147,21.7352,1
N-t70d11xn_150,ils_TEI_perturb_insert_time_21.733400_moves_4_cw,150,ils,TEI,insert,cw,4,5749335,5825147,21.7677,1
N-t70d11xn_150,ils_TEI_perturb_insert_time_21.733400_moves_5_cw,150,ils,TEI,insert,cw,5,5752314,5825147,21.7755,1
N-t70d11xn_150,ils_TEI_perturb_insert_time_21.733400_moves_6_cw,150,ils,TEI,insert,cw,6,5759800,5825147,21.7509,1
N-t70d11xn_150,ils_TEI_perturb_insert_time_21.733400_moves_7_cw,150,ils,TEI,insert,cw,7,5759834,5825147,21.7563,1
N-t70d11xn_150,ils_TEI_perturb_insert_time_21.733400_moves_8_cw,150,ils,TEI,insert,cw,8,5741982,5825147,21.7632,1
N-t70d11xn_150,ils_TEI_perturb_insert_time_21.733400_moves_9_cw,150,ils,TEI,insert,cw,9,5770731,5825147,21.7509,0
N-t70d11xx_150,ils_TEI_perturb_insert_time_23.146600_moves_2_cw,150,ils,TEI,insert,cw,2,6115699,6174178,23.1619,0
N-t70d11xx_150,ils_TEI_perturb_insert_time_23.146600_moves_3_cw,150,ils,TEI,insert,cw,3,6125772,6174178,23.1573,0
N-t70d11xx_150,ils_TEI_perturb_insert_time_23.146600_moves_4_cw,150,ils,TEI,insert,cw,4,6106702,6174178,23.1497,1
N-t70d11xx_150,ils_TEI_perturb_insert_time_23.146600_moves_5_cw,150,ils,TEI,insert,cw,5,6096458,6174178,23.1573,1
N-t70d11xx_150,ils_TEI_perturb_insert_time_23.146600_moves_6_cw,150,ils,TEI,insert,cw,6,6121220,6174178,23.1673,0
N-t70d11xx_150,ils_TEI_perturb_insert_time_23.146600_moves_7_cw,150,ils,TEI,insert,cw,7,6126944,6174178,23.1602,0
N-t70d11xx_150,ils_TEI_perturb_insert_time_23.146600_moves_8_cw,150,ils,TEI,insert,cw,8,6117901,6174178,23.1682,0
N-t70d11xx_150,ils_TEI_perturb_insert_time_23.146600_moves_9_cw,150,ils,TEI,insert,cw,9,6111701,6174178,23.1688,1
N-t70f11xx_150,ils_TEI_perturb_insert_time_17.651800_moves_2_cw,150,ils,TEI,insert,cw,2,5059508,5150097,17.6596,1
N-t70f11xx_150,ils_TEI_perturb_insert_time_17.651800_moves_3_cw,150,ils,TEI,insert,cw,3,5092067,5150097,17.6564,1
N-t70f11xx_150,ils_TEI_perturb_insert_time_17.651800_moves_4_cw,150,ils,TEI,insert,cw,4,5112980,5150097,17.6894,0
N-t70f11xx_150,ils_TEI_perturb_insert_time_17.651800_moves_5_cw,150,ils,TEI,insert,cw,5,5083543,5150097,17.6835,1
N-t70f11xx_150,ils_TEI_perturb_insert_time_17.651800_moves_6_cw,150,ils,TEI,insert,cw,6,5090567,5150097,17.6768,1
N-t70f11xx_150,ils_TEI_perturb_insert_time_17.651800_moves_7_cw,150,ils,TEI,insert,cw,7,5101614,5150097,17.6698,0
N-t70f11xx_150,ils_TEI_perturb_insert_time_17.651800_moves_8_cw,150,ils,TEI,insert,cw,8,5085964,5150097,17.6796,1
N-t70f11xx_150,ils_TEI_perturb_insert_time_17.651800_moves_9_cw,150,ils,TEI,insert,cw,9,5081968,5150097,17.6917,1
N-t70l11xx_150,ils_TEI_perturb_insert_time_32.181300_moves_2_cw,150,ils,TEI,insert,cw,2,435693,436862,32.193,0
N-t70l11xx_150,ils_TEI_perturb_insert_time_32.181300_moves_3_cw,150,ils,TEI,insert,cw,3,432508,436862,32.1875,0
N-t70l11xx_150,ils_TEI_perturb_insert_time_32.181300_moves_4_cw,150,ils,TEI,insert,cw,4,433191,436862,32.1922,0
N-t70l11xx_150,ils_TEI_perturb_insert_time_32.181300_moves_5_cw,150,ils,TEI,insert,cw,5,430078,436862,32.2009,1
N-t70l11xx_150,ils_TEI_perturb_insert_time_32.181300_moves_6_cw,150,ils,TEI,insert,cw,6,435954,436862,32.2189,0
N-t70l11xx_150,ils_TEI_perturb_insert_time_32.181300_moves_7_cw,150,ils,TEI,insert,cw,7,431141,436862,32.2109,1
N-t70l11xx_150,ils_TEI_perturb_insert_time_32.181300_moves_8_cw,150,ils,TEI,insert,cw,8,431580,436862,32.2249,1
N-t70l11xx_150,ils_TEI_perturb_insert_time_32.181300_moves_9_cw,150,ils,TEI,insert,cw,9,433833,436862,32.246,0
N-t70n11xx_150,ils_TEI_perturb_insert_time_24.375050_moves_2_cw,150,ils,TEI,insert,cw,2,936433,948913,24.3813,1
N-t70n11xx_150,ils_TEI_perturb_insert_time_24.375050_moves_3_cw,150,ils,TEI,insert,cw,3,936996,948913,24.3844,1
N-t70n11xx_150,ils_TEI_perturb_insert_time_24.375050_moves_4_cw,150,ils,TEI,insert,cw,4,935687,948913,24.3959,1
N-t70n11xx_150,ils_TEI_perturb_insert_time_24.375050_moves_5_cw,150,ils,TEI,insert,cw,5,938095,948913,24.3837,1
N-t70n11xx_150,ils_TEI_perturb_insert_time_24.375050_moves_6_cw,150,ils,TEI,insert,cw,6,940892,948913,24.376,0
N-t70n11xx_150,ils_TEI_perturb_insert_time_24.375050_moves_7_cw,150,ils,TEI,insert,cw,7,938896,948913,24.3839,1
N-t70n11xx_150,ils_TEI_perturb_insert_time_24.375050_moves_8_cw,150,ils,TEI,insert,cw,8,936028,948913,24.405,1
N-t70n11xx_150,ils_TEI_perturb_insert_time_24.375050_moves_9_cw,150,ils,TEI,insert,cw,9,938842,948913,24.42,1
N-t74d11xx_150,ils_TEI_perturb_insert_time_20.889100_moves_2_cw,150,ils,TEI,insert,cw,2,9300548,9396044,20.8993,1
N-t74d11xx_150,ils_TEI_perturb_insert_time_20.889100_moves_3_cw,150,ils,TEI,insert,cw,3,9300130,9396044,20.9166,1
N-t74d11xx_150,ils_TEI_perturb_insert_time_20.889100_moves_4_cw,150,ils,TEI,insert,cw,4,9307512,9396044,20.8949,0
N-t74d11xx_150,ils_TEI_perturb_insert_time_20.889100_moves_5_cw,150,ils,TEI,insert,cw,5,9272647,9396044,20.893,1
N-t74d11xx_150,ils_TEI_perturb_insert_time_20.889100_moves_6_cw,150,ils,TEI,insert,cw,6,9296665,9396044,20.9156,1
N-t74d11xx_150,ils_TEI_perturb_insert_time_20.889100_moves_7_cw,150,ils,TEI,insert,cw,7,9277860,9396044,20.9034,1
N-t74d11xx_150,ils_TEI_perturb_insert_time_20.889100_moves_8_cw,150,ils,TEI,insert,cw,8,9265527,9396044,20.9074,1
N-t74d11xx_150,ils_TEI_perturb_insert_time_20.889100_moves_9_cw,150,ils,TEI,insert,cw,9,9286208,9396044,20.9426,1
N-t75d11xx_150,ils_TEI_perturb_insert_time_24.323500_moves_2_cw,150,ils,TEI,insert,cw,2,9565872,9642140,24.3236,0
N-t75d11xx_150,ils_TEI_perturb_insert_time_24.323500_moves_3_cw,150,ils,TEI,insert,cw,3,9538798,9642140,24.3371,1
N-t75d11xx_150,ils_TEI_perturb_insert_time_24.323500_moves_4_cw,150,ils,TEI,insert,cw,4,9543842,9642140,24.3393,1
N-t75d11xx_150,ils_TEI_perturb_insert_time_24.323500_moves_5_cw,150,ils,TEI,insert,cw,5,9527754,9642140,24.3478,1
N-t75d11xx_150,ils_TEI_perturb_insert_time_24.323500_moves_6_cw,150,ils,TEI,insert,cw,6,9557794,9642140,24.3453,0
N-t75d11xx_150,ils_TEI_perturb_insert_time_24.323500_moves_7_cw,150,ils,TEI,insert,cw,7,9579453,9642140,24.3347,0
N-t75d11xx_150,ils_TEI_perturb_insert_time_24.323500_moves_8_cw,150,ils,TEI,insert,cw,8,9586358,9642140,24.3796,0
N-t75d11xx_150,ils_TEI_perturb_insert_time_24.323500_moves_9_cw,150,ils,TEI,insert,cw,9,9577422,9642140,24.3297,0
N-t75e11xx_150,ils_TEI_perturb_insert_time_22.893450_moves_2_cw,150,ils,TEI,insert,cw,2,40973372,41570193,22.9176,1
N-t75e11xx_150,ils_TEI_perturb_insert_time_22.893450_moves_3_cw,150,ils,TEI,insert,cw,3,41085040,41570193,22.8949,1
N-t75e11xx_150,ils_TEI_perturb_insert_time_22.893450_moves_4_cw,150,ils,TEI,insert,cw,4,41181369,41570193,22.9111,0
N-t75e11xx_150,ils_TEI_perturb_insert_time_22.893450_moves_5_cw,150,ils,TEI,insert,cw,5,40891595,41570193,22.9003,1
N-t75e11xx_150,ils_TEI_perturb_insert_time_22.893450_moves_6_cw,150,ils,TEI,insert,cw,6,41034166,41570193,22.8938,1
N-t75e11xx_150,ils_TEI_perturb_insert_time_22.893450_moves_7_cw,150,ils,TEI,insert,cw,7,41125758,41570193,22.925,1
N-t75e11xx_150,ils_TEI_perturb_insert_time_22.893450_moves_8_cw,150,ils,TEI,insert,cw,8,41199983,41570193,22.9426,0
N-t75e11xx_150,ils_TEI_perturb_insert_time_22.893450_moves_9_cw,150,ils,TEI,insert,cw,9,40976684,41570193,22.8992,1
N-t75k11xx_150,ils_TEI_perturb_insert_time_27.109500_moves_2_cw,150,ils,TEI,insert,cw,2,1537998,1541596,27.111,0
N-t75k11xx_150,ils_TEI_perturb_insert_time_27.109500_moves_3_cw,150,ils,TEI,insert,cw,3,1532442,1541596,27.1098,0
N-t75k11xx_150,ils_TEI_perturb_insert_time_27.109500_moves_4_cw,150,ils,TEI,insert,cw,4,1534415,1541596,27.1307,0
N-t75k11xx_150,ils_TEI_perturb_insert_time_27.109500_moves_5_cw,150,ils,TEI,insert,cw,5,1535432,1541596,27.141,0
N-t75k11xx_150,ils_TEI_perturb_insert_time_27.109500_moves_6_cw,150,ils,TEI,insert,cw,6,1537227,1541596,27.1187,0
N-t75k11xx_150,ils_TEI_perturb_insert_time_27.109500_moves_7_cw,150,ils,TEI,insert,cw,7,1532990,1541596,27.118,0
N-t75k11xx_150,ils_TEI_perturb_insert_time_27.109500_moves_8_cw,150,ils,TEI,insert,cw,8,1524527,1541596,27.1446,1
N-t75k11xx_150,ils_TEI_perturb_insert_time_27.109500_moves_9_cw,150,ils,TEI,insert,cw,9,1535886,1541596,27.1815,0
N-t75n11xx_150,ils_TEI_perturb_insert_time_23.607150_moves_2_cw,150,ils,TEI,insert,cw,2,1727546,1743094,23.6167,0
N-t75n11xx_150,ils_TEI_perturb_insert_time_23.607150_moves_3_cw,150,ils,TEI,insert,cw,3,1732228,1743094,23.6312,0
N-t75n11xx_150,ils_TEI_perturb_insert_time_23.607150_moves_4_cw,150,ils,TEI,insert,cw,4,1725152,1743094,23.6754,1
N-t75n11xx_150,ils_TEI_perturb_insert_time_23.607150_moves_5_cw,150,ils,TEI,insert,cw,5,1714247,1743094,23.6078,1
N-t75n11xx_150,ils_TEI_perturb_insert_time_23.607150_moves_6_cw,150,ils,TEI,insert,cw,6,1733302,1743094,23.6183,0
N-t75n11xx_150,ils_TEI_perturb_insert_time_23.607150_moves_7_cw,150,ils,TEI,insert,cw,7,1723401,1743094,23.6331,1
N-t75n11xx_150,ils_TEI_perturb_insert_time_23.607150_moves_8_cw,150,ils,TEI,insert,cw,8,1729364,1743094,23.6304,0
N-t75n11xx_150,ils_TEI_perturb_insert_time_23.607150_moves_9_cw,150,ils,TEI,insert,cw,9,1725054,1743094,23.6374,1
N-tiw56n54_150,ils_TEI_perturb_insert_time_21.121500_moves_2_cw,150,ils,TEI,insert,cw,2,831788,837945,21.1408,0
N-tiw56n54_150,ils_TEI_perturb_insert_time_21.121500_moves_3_cw,150,ils,TEI,insert,cw,3,833370,837945,21.1396,0
N-tiw56n54_150,ils_TEI_perturb_insert_time_21.121500_moves_4_cw,150,ils,TEI,insert,cw,4,833879,837945,21.156,0
N-tiw56n54_150,ils_TEI_perturb_insert_time_21.121500_moves_5_cw,150,ils,TEI,insert,cw,5,830734,837945,21.1308,0
N-tiw56n54_150,ils_TEI_perturb_insert_time_21.121500_moves_6_cw,150,ils,TEI,insert,cw,6,831889,837945,21.1254,0
N-tiw56n54_150,ils_TEI_perturb_insert_time_21.121500_moves_7_cw,150,ils,TEI,insert,cw,7,830394,837945,21.1404,0
N-tiw56n54_150,ils_TEI_perturb_insert_time_21.121500_moves_8_cw,150,ils,TEI,insert,cw,8,831810,837945,21.1399,0
N-tiw56n54_150,ils_TEI_perturb_insert_time_21.121500_moves_9_cw,150,ils,TEI,insert,cw,9,827237,837945,21.1512,1
N-tiw56n58_150,ils_TEI_perturb_insert_time_22.818600_moves_2_cw,150,ils,TEI,insert,cw,2,1145079,1155392,22.8204,0
N-tiw56n58_150,ils_TEI_perturb_insert_time_22.818600_moves_3_cw,150,ils,TEI,insert,cw,3,1142064,1155392,22.8341,1
N-tiw56n58_150,ils_TEI_perturb_insert_time_22.818600_moves_4_cw,150,ils,TEI,insert,cw,4,1143975,1155392,22.8234,0
N-tiw56n58_150,ils_TEI_perturb_insert_time_22.818600_moves_5_cw,150,ils,TEI,insert,cw,5,1143224,1155392,22.8413,1
N-tiw56n58_150,ils_TEI_perturb_insert_time_22.818600_moves_6_cw,150,ils,TEI,insert,cw,6,1147278,1155392,22.8187,0
N-tiw56n58_150,ils_TEI_perturb_insert_time_22.818600_moves_7_cw,150,ils,TEI,insert,cw,7,1143388,1155392,22.8581,1
N-tiw56n58_150,ils_TEI_perturb_insert_time_22.818600_moves_8_cw,150,ils,TEI,insert,cw,8,1140776,1155392,22.853,1
N-tiw56n58_150,ils_TEI_perturb_insert_time_22.818600_moves_9_cw,150,ils,TEI,insert,cw,9,1143412,1155392,22.8393,1
N-tiw56n62_150,ils_TEI_perturb_insert_time_22.412250_moves_2_cw,150,ils,TEI,insert,cw,2,1616652,1626921,22.42,0
N-tiw56n62_150,ils_TEI_perturb_insert_time_22.412250_moves_3_cw,150,ils,TEI,insert,cw,3,1616031,1626921,22.4375,0
N-tiw56n62_150,ils_TEI_perturb_insert_time_22.412250_moves_4_cw,150,ils,TEI,insert,cw,4,1615028,1626921,22.4145,0
N-tiw56n62_150,ils_TEI_perturb_insert_time_22.412250_moves_5_cw,150,ils,TEI,insert,cw,5,1612548,1626921,22.4179,0
N-tiw56n62_150,ils_TEI_perturb_insert_time_22.412250_moves_6_cw,150,ils,TEI,insert,cw,6,1616418,1626921,22.448,0
N-tiw56n62_150,ils_TEI_perturb_insert_time_22.412250_moves_7_cw,150,ils,TEI,insert,cw,7,1608423,1626921,22.4315,1
N-tiw56n62_150,ils_TEI_perturb_insert_time_22.412250_moves_8_cw,150,ils,TEI,insert,cw,8,1618086,1626921,22.434,0
N-tiw56n62_150,ils_TEI_perturb_insert_time_22.412250_moves_9_cw,150,ils,TEI,insert,cw,9,1609110,1626921,22.4539,1
N-tiw56n66_150,ils_TEI_perturb_insert_time_20.651550_moves_2_cw,150,ils,TEI,insert,cw,2,2093720,2107619,20.663,0
N-tiw56n66_150,ils_TEI_perturb_insert_time_20.651550_moves_3_cw,150,ils,TEI,insert,cw,3,2088020,2107619,20.666,0
N-tiw56n66_150,ils_TEI_perturb_insert_time_20.651550_moves_4_cw,150,ils,TEI,insert,cw,4,2082949,2107619,20.6524,1
N-tiw56n66_150,ils_TEI_perturb_insert_time_20.651550_moves_5_cw,150,ils,TEI,insert,cw,5,2088058,2107619,20.6595,0
N-tiw56n66_150,ils_TEI_perturb_insert_time_20.651550_moves_6_cw,150,ils,TEI,insert,cw,6,2080704,2107619,20.6594,1
N-tiw56n66_150,ils_TEI_perturb_insert_time_20.651550_moves_7_cw,150,ils,TEI,insert,cw,7,2087664,2107619,20.6577,0
N-tiw56n66_150,ils_TEI_perturb_insert_time_20.651550_moves_8_cw,150,ils,TEI,insert,cw,8,2078583,2107619,20.7235,1
N-tiw56n66_150,ils_TEI_perturb_insert_time_20.651550_moves_9_cw,150,ils,TEI,insert,cw,9,2083875,2107619,20.6603,1
N-tiw56n67_150,ils_TEI_perturb_insert_time_23.695450_moves_2_cw,150,ils,TEI,insert,cw,2,2350855,2372926,23.708,0
N-tiw56n67_150,ils_TEI_perturb_insert_time_23.695450_moves_3_cw,150,ils,TEI,insert,cw,3,2348176,2372926,23.7044,1
N-tiw56n67_150,ils_TEI_perturb_insert_time_23.695450_moves_4_cw,150,ils,TEI,insert,cw,4,2349346,2372926,23.7086,0
N-tiw56n67_150,ils_TEI_perturb_insert_time_23.695450_moves_5_cw,150,ils,TEI,insert,cw,5,2347543,2372926,23.7141,1
N-tiw56n67_150,ils_TEI_perturb_insert_time_23.695450_moves_6_cw,150,ils,TEI,insert,cw,6,2350695,2372926,23.7185,0
N-tiw56n67_150,ils_TEI_perturb_insert_time_23.695450_moves_7_cw,150,ils,TEI,insert,cw,7,2348071,2372926,23.727,1
N-tiw56n67_150,ils_TEI_perturb_insert_time_23.695450_moves_8_cw,150,ils,TEI,insert,cw,8,2350699,2372926,23.7207,0
N-tiw56n67_150,ils_TEI_perturb_insert_time_23.695450_moves_9_cw,150,ils,TEI,insert,cw,9,2346168,2372926,23.7393,1
N-tiw56n72_150,ils_TEI_perturb_insert_time_23.767750_moves_2_cw,150,ils,TEI,insert,cw,2,4090772,4135907,23.7879,1
N-tiw56n72_150,ils_TEI_perturb_insert_time_23.767750_moves_3_cw,150,ils,TEI,insert,cw,3,4094456,4135907,23.7834,1
N-tiw56n72_150,ils_TEI_perturb_insert_time_23.767750_moves_4_cw,150,ils,TEI,insert,cw,4,4092992,4135907,23.7818,1
N-tiw56n72_150,ils_TEI_perturb_insert_time_23.767750_moves_5_cw,150,ils,TEI,insert,cw,5,4093112,4135907,23.7756,1
N-tiw56n72_150,ils_TEI_perturb_insert_time_23.767750_moves_6_cw,150,ils,TEI,insert,cw,6,4088886,4135907,23.7689,1
N-tiw56n72_150,ils_TEI_perturb_insert_time_23.767750_moves_7_cw,150,ils,TEI,insert,cw,7,4097102,4135907,23.8286,0
N-tiw56n72_150,ils_TEI_perturb_insert_time_23.767750_moves_8_cw,150,ils,TEI,insert,cw,8,4093119,4135907,23.7972,1
N-tiw56n72_150,ils_TEI_perturb_insert_time_23.767750_moves_9_cw,150,ils,TEI,insert,cw,9,4082072,4135907,23.776,1
N-tiw56r54_150,ils_TEI_perturb_insert_time_20.455200_moves_2_cw,150,ils,TEI,insert,cw,2,951618,958192,20.4563,0
N-tiw56r54_150,ils_TEI_perturb_insert_time_20.455200_moves_3_cw,150,ils,TEI,insert,cw,3,952776,958192,20.4635,0
N-tiw56r54_150,ils_TEI_perturb_insert_time_20.455200_moves_4_cw,150,ils,TEI,insert,cw,4,952363,958192,20.4705,0
N-tiw56r54_150,ils_TEI_perturb_insert_time_20.455200_moves_5_cw,150,ils,TEI,insert,cw,5,952743,958192,20.4862,0
N-tiw56r54_150,ils_TEI_perturb_insert_time_20.455200_moves_6_cw,150,ils,TEI,insert,cw,6,949982,958192,20.472,0
N-tiw56r54_150,ils_TEI_perturb_insert_time_20.455200_moves_7_cw,150,ils,TEI,insert,cw,7,952478,958192,20.4976,0
N-tiw56r54_150,ils_TEI_perturb_insert_time_20.455200_moves_8_cw,150,ils,TEI,insert,cw,8,950731,958192,20.4801,0
N-tiw56r54_150,ils_TEI_perturb_insert_time_20.455200_moves_9_cw,150,ils,TEI,insert,cw,9,951372,958192,20.4945,0
N-tiw56r58_150,ils_TEI_perturb_insert_time_24.272400_moves_2_cw,150,ils,TEI,insert,cw,2,1211929,1219295,24.2843,0
N-tiw56r58_150,ils_TEI_perturb_insert_time_24.272400_moves_3_cw,150,ils,TEI,insert,cw,3,1208334,1219295,24.2752,0
N-tiw56r58_150,ils_TEI_perturb_insert_time_24.272400_moves_4_cw,150,ils,TEI,insert,cw,4,1213293,1219295,24.283,0
N-tiw56r58_150,ils_TEI_perturb_insert_time_24.272400_moves_5_cw,150,ils,TEI,insert,cw,5,1208735,1219295,24.2961,0
N-tiw56r58_150,ils_TEI_perturb_insert_time_24.272400_moves_6_cw,150,ils,TEI,insert,cw,6,1215199,1219295,24.281,0
N-tiw56r58_150,ils_TEI_perturb_insert_time_24.272400_moves_7_cw,150,ils,TEI,insert,cw,7,1211773,1219295,24.2735,0
N-tiw56r58_150,ils_TEI_perturb_insert_time_24.272400_moves_8_cw,150,ils,TEI,insert,cw,8,1211429,1219295,24.2761,0
N-tiw56r58_150,ils_TEI_perturb_insert_time_24.272400_moves_9_cw,150,ils,TEI,insert,cw,9,1210328,1219295,24.3024,0
N-tiw56r66_150,ils_TEI_perturb_insert_time_20.044650_moves_2_cw,150,ils,TEI,insert,cw,2,1927838,1940755,20.0613,0
N-tiw56r66_150,ils_TEI_perturb_insert_time_20.044650_moves_3_cw,150,ils,TEI,insert,cw,3,1923367,1940755,20.0464,0
N-tiw56r66_150,ils_TEI_perturb_insert_time_20.044650_moves_4_cw,150,ils,TEI,insert,cw,4,1919604,1940755,20.0672,1
N-tiw56r66_150,ils_TEI_perturb_insert_time_20.044650_moves_5_cw,150,ils,TEI,insert,cw,5,1918402,1940755,20.069,1
N-tiw56r66_150,ils_TEI_perturb_insert_time_20.044650_moves_6_cw,150,ils,TEI,insert,cw,6,1919894,1940755,20.0625,1
N-tiw56r66_150,ils_TEI_perturb_insert_time_20.044650_moves_7_cw,150,ils,TEI,insert,cw,7,1923891,1940755,20.0751,0
N-tiw56r66_150,ils_TEI_perturb_insert_time_20.044650_moves_8_cw,150,ils,TEI,insert,cw,8,1922088,1940755,20.0923,0
N-tiw56r66_150,ils_TEI_perturb_insert_time_20.044650_moves_9_cw,150,ils,TEI,insert,cw,9,1908889,1940755,20.0926,1
N-tiw56r67_150,ils_TEI_perturb_insert_time_28.817300_moves_2_cw,150,ils,TEI,insert,cw,2,2029972,2056347,28.826,1
N-tiw56r67_150,ils_TEI_perturb_insert_time_28.817300_moves_3_cw,150,ils,TEI,insert,cw,3,2038199,2056347,28.8188,0
N-tiw56r67_150,ils_TEI_perturb_insert_time_28.817300_moves_4_cw,150,ils,TEI,insert,cw,4,2037979,2056347,28.8406,0
N-tiw56r67_150,ils_TEI_perturb_insert_time_28.817300_moves_5_cw,150,ils,TEI,insert,cw,5,2040162,2056347,28.8178,0
N-tiw56r67_150,ils_TEI_perturb_insert_time_28.817300_moves_6_cw,150,ils,TEI,insert,cw,6,2035153,2056347,28.8372,1
N-tiw56r67_150,ils_TEI_perturb_insert_time_28.817300_moves_7_cw,150,ils,TEI,insert,cw,7,2033026,2056347,28.8471,1
N-tiw56r67_150,ils_TEI_perturb_insert_time_28.817300_moves_8_cw,150,ils,TEI,insert,cw,8,2030144,2056347,28.8507,1
N-tiw56r67_150,ils_TEI_perturb_insert_time_28.817300_moves_9_cw,150,ils,TEI,insert,cw,9,2031315,2056347,28.8429,1
N-tiw56r72_150,ils_TEI_perturb_insert_time_22.411350_moves_2_cw,150,ils,TEI,insert,cw,2,2785113,2823758,22.4171,1
N-tiw56r72_150,ils_TEI_perturb_insert_time_22.411350_moves_3_cw,150,ils,TEI,insert,cw,3,2801848,2823758,22.424,0
N-tiw56r72_150,ils_TEI_perturb_insert_time_22.411350_moves_4_cw,150,ils,TEI,insert,cw,4,2791171,2823758,22.4294,1
N-tiw56r72_150,ils_TEI_perturb_insert_time_22.411350_moves_5_cw,150,ils,TEI,insert,cw,5,2777821,2823758,22.4119,1
N-tiw56r72_150,ils_TEI_perturb_insert_time_22.411350_moves_6_cw,150,ils,TEI,insert,cw,6,2788257,2823758,22.4141,1
N-tiw56r72_150,ils_TEI_perturb_insert_time_22.411350_moves_7_cw,150,ils,TEI,insert,cw,7,2779736,2823758,22.4156,1
N-tiw56r72_150,ils_TEI_perturb_insert_time_22.411350_moves_8_cw,150,ils,TEI,insert,cw,8,2792356,2823758,22.4407,1
N-tiw56r72_150,ils_TEI_perturb_insert_time_22.411350_moves_9_cw,150,ils,TEI,insert,cw,9,2784046,2823758,22.4685,1
