N-t75k11xx_250,iter_best_exchange_random,3945949,4093849,1.27833,3
N-t75k11xx_250,iter_best_insert_random,3865219,4093849,0.563852,5
N-t75k11xx_250,iter_best_transpose_random,2693636,4093849,0.013425,34
N-t75k11xx_250,iter_first_exchange_random,3984409,4093849,8.51571,2
N-t75k11xx_250,iter_first_insert_random,3890497,4093849,6.25237,4
N-t75k11xx_250,iter_first_transpose_random,2679092,4093849,0.010341,34
N-t75k11xx_250,iter_best_exchange_cw,3920071,4093849,1.34277,4
N-t75k11xx_250,iter_best_insert_cw,3895256,4093849,0.573394,4
N-t75k11xx_250,iter_best_transpose_cw,3225714,4093849,0.014141,21
N-t75k11xx_250,iter_first_exchange_cw,3994848,4093849,7.65209,2
N-t75k11xx_250,iter_first_insert_cw,3846941,4093849,3.95484,6
N-t75k11xx_250,iter_first_transpose_cw,3212325,4093849,0.011256,21
N-be75oi_150,iter_best_exchange_random,2193434,2246534,0.118593,2
N-be75oi_150,iter_best_insert_random,2163540,2246534,0.044452,3
N-be75oi_150,iter_best_transpose_random,1368242,2246534,0.002522,39
N-be75oi_150,iter_first_exchange_random,2213310,2246534,0.586152,1
N-be75oi_150,iter_first_insert_random,2171556,2246534,0.361247,3
N-be75oi_150,iter_first_transpose_random,1394568,2246534,0.001962,37
N-be75oi_150,iter_best_exchange_cw,2194771,2246534,0.133971,2
N-be75oi_150,iter_best_insert_cw,2150397,2246534,0.052299,4
N-be75oi_150,iter_best_transpose_cw,1871934,2246534,0.002821,16
N-be75oi_150,iter_first_exchange_cw,2208918,2246534,0.650834,1
N-be75oi_150,iter_first_insert_cw,2165701,2246534,0.259518,3
N-be75oi_150,iter_first_transpose_cw,1850911,2246534,0.002124,17
N-t59n11xx_250,iter_best_exchange_random,790342,825608,1.17872,4
N-t59n11xx_250,iter_best_insert_random,781319,825608,0.75667,5
N-t59n11xx_250,iter_best_transpose_random,545460,825608,0.011354,33
N-t59n11xx_250,iter_first_exchange_random,798300,825608,7.34486,3
N-t59n11xx_250,iter_first_insert_random,775310,825608,4.32412,6
N-t59n11xx_250,iter_first_transpose_random,545073,825608,0.008165,33
N-t59n11xx_250,iter_best_exchange_cw,795263,825608,1.13309,3
N-t59n11xx_250,iter_best_insert_cw,782257,825608,0.535694,5
N-t59n11xx_250,iter_best_transpose_cw,640355,825608,0.010231,22
N-t59n11xx_250,iter_first_exchange_cw,800195,825608,6.18956,3
N-t59n11xx_250,iter_first_insert_cw,781338,825608,3.66309,5
N-t59n11xx_250,iter_first_transpose_cw,639983,825608,0.007694,22
N-t70l11xx_150,iter_best_exchange_random,417443,436862,0.090004,4
N-t70l11xx_150,iter_best_insert_random,406323,436862,0.048817,6
N-t70l11xx_150,iter_best_transpose_random,244716,436862,0.001279,43
N-t70l11xx_150,iter_first_exchange_random,415057,436862,0.460513,4
N-t70l11xx_150,iter_first_insert_random,396699,436862,0.220674,9
N-t70l11xx_150,iter_first_transpose_random,244183,436862,0.001024,44
N-t70l11xx_150,iter_best_exchange_cw,416087,436862,0.101155,4
N-t70l11xx_150,iter_best_insert_cw,407507,436862,0.046149,6
N-t70l11xx_150,iter_best_transpose_cw,315326,436862,0.001784,27
N-t70l11xx_150,iter_first_exchange_cw,424684,436862,0.559094,2
N-t70l11xx_150,iter_first_insert_cw,410996,436862,0.229055,5
N-t70l11xx_150,iter_first_transpose_cw,315406,436862,0.001414,27
N-t70f11xx_250,iter_best_exchange_random,12958499,13586135,1.24176,4
N-t70f11xx_250,iter_best_insert_random,13029755,13586135,0.581573,4
N-t70f11xx_250,iter_best_transpose_random,9595934,13586135,0.014376,29
N-t70f11xx_250,iter_first_exchange_random,13202639,13586135,7.08785,2
N-t70f11xx_250,iter_first_insert_random,13042273,13586135,5.05534,4
N-t70f11xx_250,iter_first_transpose_random,9567777,13586135,0.010968,29
N-t70f11xx_250,iter_best_exchange_cw,12983472,13586135,1.10595,4
N-t70f11xx_250,iter_best_insert_cw,13032694,13586135,0.561251,4
N-t70f11xx_250,iter_best_transpose_cw,10636721,13586135,0.014868,21
N-t70f11xx_250,iter_first_exchange_cw,13245075,13586135,7.1718,2
N-t70f11xx_250,iter_first_insert_cw,12999518,13586135,4.52231,4
N-t70f11xx_250,iter_first_transpose_cw,10662331,13586135,0.011407,21
N-t59d11xx_150,iter_best_exchange_random,1411950,1462697,0.137339,3
N-t59d11xx_150,iter_best_insert_random,1379264,1462697,0.040212,5
N-t59d11xx_150,iter_best_transpose_random,980280,1462697,0.002749,32
N-t59d11xx_150,iter_first_exchange_random,1409308,1462697,0.497437,3
N-t59d11xx_150,iter_first_insert_random,1395511,1462697,0.311577,4
N-t59d11xx_150,iter_first_transpose_random,978861,1462697,0.002067,33
N-t59d11xx_150,iter_best_exchange_cw,1415845,1462697,0.090531,3
N-t59d11xx_150,iter_best_insert_cw,1385272,1462697,0.055765,5
N-t59d11xx_150,iter_best_transpose_cw,1111168,1462697,0.002834,24
N-t59d11xx_150,iter_first_exchange_cw,1415893,1462697,0.45212,3
N-t59d11xx_150,iter_first_insert_cw,1389133,1462697,0.242759,5
N-t59d11xx_150,iter_first_transpose_cw,1110698,1462697,0.002048,24
N-t65b11xx_150,iter_best_exchange_random,6181180,6453836,0.118627,4
N-t65b11xx_150,iter_best_insert_random,6081032,6453836,0.04581,5
N-t65b11xx_150,iter_best_transpose_random,3926033,6453836,0.004064,39
N-t65b11xx_150,iter_first_exchange_random,6254113,6453836,0.679787,3
N-t65b11xx_150,iter_first_insert_random,5984389,6453836,0.396921,7
N-t65b11xx_150,iter_first_transpose_random,3939150,6453836,0.002701,38
N-t65b11xx_150,iter_best_exchange_cw,6270048,6453836,0.137245,2
N-t65b11xx_150,iter_best_insert_cw,6153787,6453836,0.050919,4
N-t65b11xx_150,iter_best_transpose_cw,5086579,6453836,0.003721,21
N-t65b11xx_150,iter_first_exchange_cw,6274814,6453836,0.501723,2
N-t65b11xx_150,iter_first_insert_cw,6186231,6453836,0.303597,4
N-t65b11xx_150,iter_first_transpose_cw,5085186,6453836,0.002839,21
N-tiw56n54_150,iter_best_exchange_random,805315,837945,0.110797,3
N-tiw56n54_150,iter_best_insert_random,803145,837945,0.050315,4
N-tiw56n54_150,iter_best_transpose_random,564037,837945,0.004277,32
N-tiw56n54_150,iter_first_exchange_random,811934,837945,0.693919,3
N-tiw56n54_150,iter_first_insert_random,807377,837945,0.489592,3
N-tiw56n54_150,iter_first_transpose_random,562592,837945,0.002991,32
N-tiw56n54_150,iter_best_exchange_cw,804682,837945,0.117346,3
N-tiw56n54_150,iter_best_insert_cw,804657,837945,0.056429,3
N-tiw56n54_150,iter_best_transpose_cw,658549,837945,0.003964,21
N-tiw56n54_150,iter_first_exchange_cw,807808,837945,0.427709,3
N-tiw56n54_150,iter_first_insert_cw,795025,837945,0.332812,5
N-tiw56n54_150,iter_first_transpose_cw,656991,837945,0.003104,21
N-be75tot_250,iter_best_exchange_random,29934766,30958609,1.29122,3
N-be75tot_250,iter_best_insert_random,29474854,30958609,0.61862,4
N-be75tot_250,iter_best_transpose_random,19197538,30958609,0.012577,37
N-be75tot_250,iter_first_exchange_random,30111018,30958609,10.8101,2
N-be75tot_250,iter_first_insert_random,29415650,30958609,6.49478,4
N-be75tot_250,iter_first_transpose_random,19143599,30958609,0.010103,38
N-be75tot_250,iter_best_exchange_cw,29916617,30958609,1.27487,3
N-be75tot_250,iter_best_insert_cw,29393815,30958609,0.558006,5
N-be75tot_250,iter_best_transpose_cw,24803973,30958609,0.012951,19
N-be75tot_250,iter_first_exchange_cw,30361466,30958609,7.9341,1
N-be75tot_250,iter_first_insert_cw,29716220,30958609,3.96957,4
N-be75tot_250,iter_first_transpose_cw,24780138,30958609,0.010868,19
N-t70d11xx_150,iter_best_exchange_random,5948476,6174178,0.145247,3
N-t70d11xx_150,iter_best_insert_random,5878710,6174178,0.052538,4
N-t70d11xx_150,iter_best_transpose_random,4177427,6174178,0.003754,32
N-t70d11xx_150,iter_first_exchange_random,5983225,6174178,0.687972,3
N-t70d11xx_150,iter_first_insert_random,5963988,6174178,0.424434,3
N-t70d11xx_150,iter_first_transpose_random,4179612,6174178,0.002917,32
N-t70d11xx_150,iter_best_exchange_cw,6018711,6174178,0.136777,2
N-t70d11xx_150,iter_best_insert_cw,5842364,6174178,0.049672,5
N-t70d11xx_150,iter_best_transpose_cw,4950843,6174178,0.004674,19
N-t70d11xx_150,iter_first_exchange_cw,5993372,6174178,0.585962,2
N-t70d11xx_150,iter_first_insert_cw,5858293,6174178,0.299464,5
N-t70d11xx_150,iter_first_transpose_cw,4943297,6174178,0.003719,19
N-tiw56r54_250,iter_best_exchange_random,2312077,2387349,1.20758,3
N-tiw56r54_250,iter_best_insert_random,2278528,2387349,0.653052,4
N-tiw56r54_250,iter_best_transpose_random,1688444,2387349,0.014883,29
N-tiw56r54_250,iter_first_exchange_random,2325915,2387349,8.98368,2
N-tiw56r54_250,iter_first_insert_random,2270008,2387349,5.79127,4
N-tiw56r54_250,iter_first_transpose_random,1686725,2387349,0.011873,29
N-tiw56r54_250,iter_best_exchange_cw,2301946,2387349,1.2139,3
N-tiw56r54_250,iter_best_insert_cw,2258404,2387349,0.485406,5
N-tiw56r54_250,iter_best_transpose_cw,1890467,2387349,0.016997,20
N-tiw56r54_250,iter_first_exchange_cw,2326699,2387349,7.27035,2
N-tiw56r54_250,iter_first_insert_cw,2273631,2387349,4.66057,4
N-tiw56r54_250,iter_first_transpose_cw,1891429,2387349,0.013508,20
N-t59f11xx_250,iter_best_exchange_random,3829474,3993006,1.31127,4
N-t59f11xx_250,iter_best_insert_random,3811769,3993006,0.541056,4
N-t59f11xx_250,iter_best_transpose_random,2617526,3993006,0.009006,34
N-t59f11xx_250,iter_first_exchange_random,3856035,3993006,6.30258,3
N-t59f11xx_250,iter_first_insert_random,3769175,3993006,4.6609,5
N-t59f11xx_250,iter_first_transpose_random,2613708,3993006,0.007176,34
N-t59f11xx_250,iter_best_exchange_cw,3860807,3993006,1.31437,3
N-t59f11xx_250,iter_best_insert_cw,3814572,3993006,0.687533,4
N-t59f11xx_250,iter_best_transpose_cw,3104995,3993006,0.011933,22
N-t59f11xx_250,iter_first_exchange_cw,3877060,3993006,5.52535,2
N-t59f11xx_250,iter_first_insert_cw,3797183,3993006,3.53922,4
N-t59f11xx_250,iter_first_transpose_cw,3099701,3993006,0.008276,22
N-t70n11xx_250,iter_best_exchange_random,2342521,2444390,1.24902,4
N-t70n11xx_250,iter_best_insert_random,2303657,2444390,0.573544,5
N-t70n11xx_250,iter_best_transpose_random,1614403,2444390,0.011222,33
N-t70n11xx_250,iter_first_exchange_random,2365102,2444390,8.65181,3
N-t70n11xx_250,iter_first_insert_random,2318788,2444390,5.11687,5
N-t70n11xx_250,iter_first_transpose_random,1608350,2444390,0.008868,34
N-t70n11xx_250,iter_best_exchange_cw,2360085,2444390,1.21009,3
N-t70n11xx_250,iter_best_insert_cw,2315998,2444390,0.510813,5
N-t70n11xx_250,iter_best_transpose_cw,1888692,2444390,0.012976,22
N-t70n11xx_250,iter_first_exchange_cw,2377064,2444390,8.1966,2
N-t70n11xx_250,iter_first_insert_cw,2308741,2444390,3.73917,5
N-t70n11xx_250,iter_first_transpose_cw,1889059,2444390,0.010592,22
N-t70d11xn_150,iter_best_exchange_random,5587448,5825147,0.117384,4
N-t70d11xn_150,iter_best_insert_random,5505999,5825147,0.054616,5
N-t70d11xn_150,iter_best_transpose_random,3843868,5825147,0.003507,34
N-t70d11xn_150,iter_first_exchange_random,5624040,5825147,0.692393,3
N-t70d11xn_150,iter_first_insert_random,5521281,5825147,0.420187,5
N-t70d11xn_150,iter_first_transpose_random,3823373,5825147,0.002571,34
N-t70d11xn_150,iter_best_exchange_cw,5593165,5825147,0.128,3
N-t70d11xn_150,iter_best_insert_cw,5568920,5825147,0.049287,4
N-t70d11xn_150,iter_best_transpose_cw,4532338,5825147,0.003687,22
N-t70d11xn_150,iter_first_exchange_cw,5650732,5825147,0.545793,2
N-t70d11xn_150,iter_first_insert_cw,5533319,5825147,0.349993,5
N-t70d11xn_150,iter_first_transpose_cw,4555030,5825147,0.003517,21
N-t70f11xx_150,iter_best_exchange_random,4926821,5150097,0.107039,4
N-t70f11xx_150,iter_best_insert_random,4914349,5150097,0.048337,4
N-t70f11xx_150,iter_best_transpose_random,3426842,5150097,0.00373,33
N-t70f11xx_150,iter_first_exchange_random,5014099,5150097,0.541716,2
N-t70f11xx_150,iter_first_insert_random,4873533,5150097,0.405484,5
N-t70f11xx_150,iter_first_transpose_random,3424879,5150097,0.002631,33
N-t70f11xx_150,iter_best_exchange_cw,4941159,5150097,0.119959,4
N-t70f11xx_150,iter_best_insert_cw,4903737,5150097,0.052992,4
N-t70f11xx_150,iter_best_transpose_cw,4030582,5150097,0.003663,21
N-t70f11xx_150,iter_first_exchange_cw,4969149,5150097,0.362747,3
N-t70f11xx_150,iter_first_insert_cw,4888225,5150097,0.233833,5
N-t70f11xx_150,iter_first_transpose_cw,4021334,5150097,0.002667,21
N-t59d11xx_250,iter_best_exchange_random,3713260,3841167,1.08061,3
N-t59d11xx_250,iter_best_insert_random,3670072,3841167,0.568296,4
N-t59d11xx_250,iter_best_transpose_random,2725394,3841167,0.012376,29
N-t59d11xx_250,iter_first_exchange_random,3752191,3841167,6.82909,2
N-t59d11xx_250,iter_first_insert_random,3688396,3841167,5.05395,3
N-t59d11xx_250,iter_first_transpose_random,2712570,3841167,0.008637,29
N-t59d11xx_250,iter_best_exchange_cw,3704520,3841167,1.18051,3
N-t59d11xx_250,iter_best_insert_cw,3634467,3841167,0.584147,5
N-t59d11xx_250,iter_best_transpose_cw,3108716,3841167,0.013541,19
N-t59d11xx_250,iter_first_exchange_cw,3728921,3841167,5.72874,2
N-t59d11xx_250,iter_first_insert_cw,3673316,3841167,3.67487,4
N-t59d11xx_250,iter_first_transpose_cw,3107385,3841167,0.010249,19
N-t75k11xx_150,iter_best_exchange_random,1470220,1541596,0.126902,4
N-t75k11xx_150,iter_best_insert_random,1463166,1541596,0.053846,5
N-t75k11xx_150,iter_best_transpose_random,1006063,1541596,0.002914,34
N-t75k11xx_150,iter_first_exchange_random,1496282,1541596,0.629538,2
N-t75k11xx_150,iter_first_insert_random,1455324,1541596,0.360273,5
N-t75k11xx_150,iter_first_transpose_random,1004205,1541596,0.002405,34
N-t75k11xx_150,iter_best_exchange_cw,1468004,1541596,0.112726,4
N-t75k11xx_150,iter_best_insert_cw,1474781,1541596,0.063079,4
N-t75k11xx_150,iter_best_transpose_cw,1131605,1541596,0.003328,26
N-t75k11xx_150,iter_first_exchange_cw,1503467,1541596,0.588492,2
N-t75k11xx_150,iter_first_insert_cw,1470354,1541596,0.361439,4
N-t75k11xx_150,iter_first_transpose_cw,1133442,1541596,0.002528,26
N-be75oi_250,iter_best_exchange_random,5766908,5910096,1.68792,2
N-be75oi_250,iter_best_insert_random,5622469,5910096,0.504989,4
N-be75oi_250,iter_best_transpose_random,3518387,5910096,0.00965,40
N-be75oi_250,iter_first_exchange_random,5776317,5910096,10.1163,2
N-be75oi_250,iter_first_insert_random,5640302,5910096,5.11094,4
N-be75oi_250,iter_first_transpose_random,3515978,5910096,0.006929,40
N-be75oi_250,iter_best_exchange_cw,5771703,5910096,1.49653,2
N-be75oi_250,iter_best_insert_cw,5638711,5910096,0.46828,4
N-be75oi_250,iter_best_transpose_cw,4783096,5910096,0.010817,19
N-be75oi_250,iter_first_exchange_cw,5824216,5910096,8.9534,1
N-be75oi_250,iter_first_insert_cw,5662280,5910096,4.09602,4
N-be75oi_250,iter_first_transpose_cw,4781494,5910096,0.008034,19
N-t59n11xx_150,iter_best_exchange_random,306135,318960,0.104665,4
N-t59n11xx_150,iter_best_insert_random,297192,318960,0.044656,6
N-t59n11xx_150,iter_best_transpose_random,196965,318960,0.002688,38
N-t59n11xx_150,iter_first_exchange_random,311291,318960,0.586988,2
N-t59n11xx_150,iter_first_insert_random,302610,318960,0.368131,5
N-t59n11xx_150,iter_first_transpose_random,196076,318960,0.00213,38
N-t59n11xx_150,iter_best_exchange_cw,307164,318960,0.101752,3
N-t59n11xx_150,iter_best_insert_cw,297583,318960,0.048093,6
N-t59n11xx_150,iter_best_transpose_cw,235656,318960,0.002755,26
N-t59n11xx_150,iter_first_exchange_cw,309679,318960,0.438944,2
N-t59n11xx_150,iter_first_insert_cw,302656,318960,0.263511,5
N-t59n11xx_150,iter_first_transpose_cw,235383,318960,0.002018,26
N-t70l11xx_250,iter_best_exchange_random,1070249,1113128,1.16578,3
N-t70l11xx_250,iter_best_insert_random,1049179,1113128,0.55417,5
N-t70l11xx_250,iter_best_transpose_random,676142,1113128,0.006969,39
N-t70l11xx_250,iter_first_exchange_random,1082921,1113128,7.15801,2
N-t70l11xx_250,iter_first_insert_random,1046782,1113128,3.8056,5
N-t70l11xx_250,iter_first_transpose_random,676008,1113128,0.004755,39
N-t70l11xx_250,iter_best_exchange_cw,1076980,1113128,1.03804,3
N-t70l11xx_250,iter_best_insert_cw,1040458,1113128,0.502184,6
N-t70l11xx_250,iter_best_transpose_cw,810363,1113128,0.005539,27
N-t70l11xx_250,iter_first_exchange_cw,1088927,1113128,6.93323,2
N-t70l11xx_250,iter_first_insert_cw,1047841,1113128,2.61763,5
N-t70l11xx_250,iter_first_transpose_cw,811246,1113128,0.003957,27
N-t65b11xx_250,iter_best_exchange_random,16622109,17273996,1.46229,3
N-t65b11xx_250,iter_best_insert_random,16516139,17273996,0.686409,4
N-t65b11xx_250,iter_best_transpose_random,11087434,17273996,0.014147,35
N-t65b11xx_250,iter_first_exchange_random,16805037,17273996,9.4307,2
N-t65b11xx_250,iter_first_insert_random,16170093,17273996,6.56339,6
N-t65b11xx_250,iter_first_transpose_random,11058744,17273996,0.009962,35
N-t65b11xx_250,iter_best_exchange_cw,16624717,17273996,1.27223,3
N-t65b11xx_250,iter_best_insert_cw,16316785,17273996,0.574579,5
N-t65b11xx_250,iter_best_transpose_cw,13811545,17273996,0.014335,20
N-t65b11xx_250,iter_first_exchange_cw,16781122,17273996,7.40046,2
N-t65b11xx_250,iter_first_insert_cw,16289068,17273996,3.89072,5
N-t65b11xx_250,iter_first_transpose_cw,13824584,17273996,0.011275,19
N-tiw56n54_250,iter_best_exchange_random,2022481,2098726,1.40389,3
N-tiw56n54_250,iter_best_insert_random,1989622,2098726,0.642712,5
N-tiw56n54_250,iter_best_transpose_random,1435686,2098726,0.016761,31
N-tiw56n54_250,iter_first_exchange_random,2029656,2098726,8.12928,3
N-tiw56n54_250,iter_first_insert_random,1995926,2098726,5.61867,4
N-tiw56n54_250,iter_first_transpose_random,1432204,2098726,0.012318,31
N-tiw56n54_250,iter_best_exchange_cw,2030496,2098726,1.34303,3
N-tiw56n54_250,iter_best_insert_cw,1987215,2098726,0.57637,5
N-tiw56n54_250,iter_best_transpose_cw,1656080,2098726,0.019144,21
N-tiw56n54_250,iter_first_exchange_cw,2045891,2098726,8.70439,2
N-tiw56n54_250,iter_first_insert_cw,2011429,2098726,5.07409,4
N-tiw56n54_250,iter_first_transpose_cw,1653857,2098726,0.014565,21
N-be75tot_150,iter_best_exchange_random,11810593,12287707,0.120514,3
N-be75tot_150,iter_best_insert_random,11585118,12287707,0.054474,5
N-be75tot_150,iter_best_transpose_random,7541337,12287707,0.003597,38
N-be75tot_150,iter_first_exchange_random,11828901,12287707,0.619318,3
N-be75tot_150,iter_first_insert_random,11633787,12287707,0.386757,5
N-be75tot_150,iter_first_transpose_random,7507277,12287707,0.002921,38
N-be75tot_150,iter_best_exchange_cw,11782831,12287707,0.109651,4
N-be75tot_150,iter_best_insert_cw,11675982,12287707,0.049493,4
N-be75tot_150,iter_best_transpose_cw,9457008,12287707,0.003305,23
N-be75tot_150,iter_first_exchange_cw,11924455,12287707,0.662252,2
N-be75tot_150,iter_first_insert_cw,11623283,12287707,0.234646,5
N-be75tot_150,iter_first_transpose_cw,9476343,12287707,0.002629,22
N-t70n11xx_150,iter_best_exchange_random,914923,948913,0.121766,3
N-t70n11xx_150,iter_best_insert_random,884028,948913,0.05431,6
N-t70n11xx_150,iter_best_transpose_random,612398,948913,0.003494,35
N-t70n11xx_150,iter_first_exchange_random,919004,948913,0.606719,3
N-t70n11xx_150,iter_first_insert_random,881048,948913,0.387451,7
N-t70n11xx_150,iter_first_transpose_random,608479,948913,0.002641,35
N-t70n11xx_150,iter_best_exchange_cw,913126,948913,0.108147,3
N-t70n11xx_150,iter_best_insert_cw,900936,948913,0.047409,5
N-t70n11xx_150,iter_best_transpose_cw,695485,948913,0.002651,26
N-t70n11xx_150,iter_first_exchange_cw,922661,948913,0.530314,2
N-t70n11xx_150,iter_first_insert_cw,892499,948913,0.298175,5
N-t70n11xx_150,iter_first_transpose_cw,695177,948913,0.001948,26
N-t70d11xn_250,iter_best_exchange_random,14723085,15207063,1.50087,3
N-t70d11xn_250,iter_best_insert_random,14348479,15207063,0.604389,5
N-t70d11xn_250,iter_best_transpose_random,10200266,15207063,0.019316,32
N-t70d11xn_250,iter_first_exchange_random,14742583,15207063,8.8345,3
N-t70d11xn_250,iter_first_insert_random,14433501,15207063,6.62125,5
N-t70d11xn_250,iter_first_transpose_random,10159602,15207063,0.014026,33
N-t70d11xn_250,iter_best_exchange_cw,14680683,15207063,1.34192,3
N-t70d11xn_250,iter_best_insert_cw,14596639,15207063,0.603085,4
N-t70d11xn_250,iter_best_transpose_cw,12311525,15207063,0.017695,19
N-t70d11xn_250,iter_first_exchange_cw,14802096,15207063,8.60852,2
N-t70d11xn_250,iter_first_insert_cw,14459929,15207063,4.42801,4
N-t70d11xn_250,iter_first_transpose_cw,12270208,15207063,0.014322,19
N-tiw56r54_150,iter_best_exchange_random,922546,958192,0.123899,3
N-tiw56r54_150,iter_best_insert_random,913349,958192,0.060204,4
N-tiw56r54_150,iter_best_transpose_random,606422,958192,0.004022,36
N-tiw56r54_150,iter_first_exchange_random,933345,958192,0.72638,2
N-tiw56r54_150,iter_first_insert_random,914692,958192,0.52247,4
N-tiw56r54_150,iter_first_transpose_random,604780,958192,0.002965,36
N-tiw56r54_150,iter_best_exchange_cw,916569,958192,0.118727,4
N-tiw56r54_150,iter_best_insert_cw,907410,958192,0.055876,5
N-tiw56r54_150,iter_best_transpose_cw,749549,958192,0.003943,21
N-tiw56r54_150,iter_first_exchange_cw,926620,958192,0.4293,3
N-tiw56r54_150,iter_first_insert_cw,916166,958192,0.303765,4
N-tiw56r54_150,iter_first_transpose_cw,752225,958192,0.003302,21
N-t70d11xx_250,iter_best_exchange_random,15519472,16040574,1.50005,3
N-t70d11xx_250,iter_best_insert_random,15251339,16040574,0.575716,4
N-t70d11xx_250,iter_best_transpose_random,11129172,16040574,0.015892,30
N-t70d11xx_250,iter_first_exchange_random,15629401,16040574,9.71695,2
N-t70d11xx_250,iter_first_insert_random,15162790,16040574,5.62924,5
N-t70d11xx_250,iter_first_transpose_random,11102474,16040574,0.011954,30
N-t70d11xx_250,iter_best_exchange_cw,15483777,16040574,1.44492,3
N-t70d11xx_250,iter_best_insert_cw,15278660,16040574,0.640404,4
N-t70d11xx_250,iter_best_transpose_cw,12816350,16040574,0.019157,20
N-t70d11xx_250,iter_first_exchange_cw,15592274,16040574,8.88173,2
N-t70d11xx_250,iter_first_insert_cw,15373038,16040574,4.97427,4
N-t70d11xx_250,iter_first_transpose_cw,12897061,16040574,0.01476,19
N-t59f11xx_150,iter_best_exchange_random,1484599,1543733,0.10646,3
N-t59f11xx_150,iter_best_insert_random,1468058,1543733,0.061147,4
N-t59f11xx_150,iter_best_transpose_random,1026770,1543733,0.002197,33
N-t59f11xx_150,iter_first_exchange_random,1496884,1543733,0.530692,3
N-t59f11xx_150,iter_first_insert_random,1470330,1543733,0.327294,4
N-t59f11xx_150,iter_first_transpose_random,1018701,1543733,0.001535,34
N-t59f11xx_150,iter_best_exchange_cw,1489736,1543733,0.10029,3
N-t59f11xx_150,iter_best_insert_cw,1464382,1543733,0.051352,5
N-t59f11xx_150,iter_best_transpose_cw,1204430,1543733,0.002728,21
N-t59f11xx_150,iter_first_exchange_cw,1498388,1543733,0.52596,2
N-t59f11xx_150,iter_first_insert_cw,1471395,1543733,0.25132,4
N-t59f11xx_150,iter_first_transpose_cw,1202470,1543733,0.00214,22
N-tiw56n62_250,iter_best_exchange_random,3994431,4142745,1.31762,3
N-tiw56n62_250,iter_best_insert_random,3930641,4142745,0.549157,5
N-tiw56n62_250,iter_best_transpose_random,2891448,4142745,0.017617,30
N-tiw56n62_250,iter_first_exchange_random,4032133,4142745,8.53002,2
N-tiw56n62_250,iter_first_insert_random,3903923,4142745,5.6241,5
N-tiw56n62_250,iter_first_transpose_random,2884489,4142745,0.012796,30
N-tiw56n62_250,iter_best_exchange_cw,4011090,4142745,1.31058,3
N-tiw56n62_250,iter_best_insert_cw,3930587,4142745,0.489665,5
N-tiw56n62_250,iter_best_transpose_cw,3338531,4142745,0.016784,19
N-tiw56n62_250,iter_first_exchange_cw,4030807,4142745,7.39538,2
N-tiw56n62_250,iter_first_insert_cw,3966225,4142745,4.68635,4
N-tiw56n62_250,iter_first_transpose_cw,3340528,4142745,0.013587,19
N-stabu1_150,iter_best_exchange_random,2794919,2875732,0.164349,2
N-stabu1_150,iter_best_insert_random,2730202,2875732,0.056682,5
N-stabu1_150,iter_best_transpose_random,2021287,2875732,0.003244,29
N-stabu1_150,iter_first_exchange_random,2806858,2875732,0.705434,2
N-stabu1_150,iter_first_insert_random,2715988,2875732,0.451996,5
N-stabu1_150,iter_first_transpose_random,2026367,2875732,0.002503,29
N-stabu1_150,iter_best_exchange_cw,2788883,2875732,0.145456,3
N-stabu1_150,iter_best_insert_cw,2765336,2875732,0.052515,3
N-stabu1_150,iter_best_transpose_cw,2267306,2875732,0.003442,21
N-stabu1_150,iter_first_exchange_cw,2804649,2875732,0.629835,2
N-stabu1_150,iter_first_insert_cw,2741324,2875732,0.345413,4
N-stabu1_150,iter_first_transpose_cw,2269045,2875732,0.003233,21
N-tiw56r72_150,iter_best_exchange_random,2711345,2823758,0.118309,3
N-tiw56r72_150,iter_best_insert_random,2661820,2823758,0.053108,5
N-tiw56r72_150,iter_best_transpose_random,1814900,2823758,0.004805,35
N-tiw56r72_150,iter_first_exchange_random,2721748,2823758,0.632,3
N-tiw56r72_150,iter_first_insert_random,2643787,2823758,0.427922,6
N-tiw56r72_150,iter_first_transpose_random,1796061,2823758,0.003656,36
N-tiw56r72_150,iter_best_exchange_cw,2714037,2823758,0.124268,3
N-tiw56r72_150,iter_best_insert_cw,2698824,2823758,0.051988,4
N-tiw56r72_150,iter_best_transpose_cw,2116726,2823758,0.002893,25
N-tiw56r72_150,iter_first_exchange_cw,2744942,2823758,0.515509,2
N-tiw56r72_150,iter_first_insert_cw,2705133,2823758,0.416793,4
N-tiw56r72_150,iter_first_transpose_cw,2102579,2823758,0.002631,25
N-be75eec_250,iter_best_exchange_random,8629054,8893533,1.57207,2
N-be75eec_250,iter_best_insert_random,8453192,8893533,0.563716,4
N-be75eec_250,iter_best_transpose_random,6000506,8893533,0.010575,32
N-be75eec_250,iter_first_exchange_random,8688812,8893533,8.86369,2
N-be75eec_250,iter_first_insert_random,8480387,8893533,5.32708,4
N-be75eec_250,iter_first_transpose_random,5983807,8893533,0.007074,32
N-be75eec_250,iter_best_exchange_cw,8594371,8893533,1.21208,3
N-be75eec_250,iter_best_insert_cw,8407226,8893533,0.479944,5
N-be75eec_250,iter_best_transpose_cw,7025210,8893533,0.012726,21
N-be75eec_250,iter_first_exchange_cw,8664483,8893533,7.416,2
N-be75eec_250,iter_first_insert_cw,8525984,8893533,3.98305,4
N-be75eec_250,iter_first_transpose_cw,6952907,8893533,0.008736,21
N-tiw56r66_150,iter_best_exchange_random,1877999,1940755,0.149567,3
N-tiw56r66_150,iter_best_insert_random,1839199,1940755,0.052725,5
N-tiw56r66_150,iter_best_transpose_random,1323114,1940755,0.004361,31
N-tiw56r66_150,iter_first_exchange_random,1888399,1940755,0.508162,2
N-tiw56r66_150,iter_first_insert_random,1852310,1940755,0.432702,4
N-tiw56r66_150,iter_first_transpose_random,1320822,1940755,0.003483,31
N-tiw56r66_150,iter_best_exchange_cw,1853344,1940755,0.120194,4
N-tiw56r66_150,iter_best_insert_cw,1840908,1940755,0.051437,5
N-tiw56r66_150,iter_best_transpose_cw,1510883,1940755,0.003882,22
N-tiw56r66_150,iter_first_exchange_cw,1872826,1940755,0.497921,3
N-tiw56r66_150,iter_first_insert_cw,1848747,1940755,0.360068,4
N-tiw56r66_150,iter_first_transpose_cw,1512364,1940755,0.003039,22
N-t75e11xx_250,iter_best_exchange_random,103023905,106873878,1.45584,3
N-t75e11xx_250,iter_best_insert_random,101423069,106873878,0.577935,5
N-t75e11xx_250,iter_best_transpose_random,68978663,106873878,0.015851,35
N-t75e11xx_250,iter_first_exchange_random,104381270,106873878,10.9598,2
N-t75e11xx_250,iter_first_insert_random,100654593,106873878,5.93586,5
N-t75e11xx_250,iter_first_transpose_random,68867995,106873878,0.011771,35
N-t75e11xx_250,iter_best_exchange_cw,103243198,106873878,1.23692,3
N-t75e11xx_250,iter_best_insert_cw,101253051,106873878,0.534713,5
N-t75e11xx_250,iter_best_transpose_cw,81993151,106873878,0.016656,23
N-t75e11xx_250,iter_first_exchange_cw,104314335,106873878,9.47095,2
N-t75e11xx_250,iter_first_insert_cw,101964708,106873878,4.69092,4
N-t75e11xx_250,iter_first_transpose_cw,81771984,106873878,0.012334,23
N-tiw56r67_150,iter_best_exchange_random,1998561,2056347,0.131202,2
N-tiw56r67_150,iter_best_insert_random,1969085,2056347,0.082211,4
N-tiw56r67_150,iter_best_transpose_random,1357298,2056347,0.00368,33
N-tiw56r67_150,iter_first_exchange_random,1995670,2056347,0.56241,2
N-tiw56r67_150,iter_first_insert_random,1948449,2056347,0.426966,5
N-tiw56r67_150,iter_first_transpose_random,1366502,2056347,0.00265,33
N-tiw56r67_150,iter_best_exchange_cw,1984725,2056347,0.118471,3
N-tiw56r67_150,iter_best_insert_cw,1971209,2056347,0.043457,4
N-tiw56r67_150,iter_best_transpose_cw,1628143,2056347,0.004123,20
N-tiw56r67_150,iter_first_exchange_cw,2006647,2056347,0.521281,2
N-tiw56r67_150,iter_first_insert_cw,1992288,2056347,0.340648,3
N-tiw56r67_150,iter_first_transpose_cw,1625092,2056347,0.003415,20
N-t70b11xx_150,iter_best_exchange_random,9266459,9647229,0.125542,3
N-t70b11xx_150,iter_best_insert_random,9023846,9647229,0.060025,6
N-t70b11xx_150,iter_best_transpose_random,5873449,9647229,0.002918,39
N-t70b11xx_150,iter_first_exchange_random,9335235,9647229,0.661847,3
N-t70b11xx_150,iter_first_insert_random,9029959,9647229,0.36123,6
N-t70b11xx_150,iter_first_transpose_random,5847322,9647229,0.002122,39
N-t70b11xx_150,iter_best_exchange_cw,9424838,9647229,0.110767,2
N-t70b11xx_150,iter_best_insert_cw,9232638,9647229,0.049196,4
N-t70b11xx_150,iter_best_transpose_cw,7445482,9647229,0.006682,22
N-t70b11xx_150,iter_first_exchange_cw,9436946,9647229,0.613942,2
N-t70b11xx_150,iter_first_insert_cw,9274485,9647229,0.311826,3
N-t70b11xx_150,iter_first_transpose_cw,7437513,9647229,0.002399,22
N-t69r11xx_150,iter_best_exchange_random,11498117,11855957,0.131558,3
N-t69r11xx_150,iter_best_insert_random,11289270,11855957,0.047926,4
N-t69r11xx_150,iter_best_transpose_random,7130234,11855957,0.002677,39
N-t69r11xx_150,iter_first_exchange_random,11353212,11855957,0.509465,4
N-t69r11xx_150,iter_first_insert_random,11242376,11855957,0.354746,5
N-t69r11xx_150,iter_first_transpose_random,7125133,11855957,0.001951,39
N-t69r11xx_150,iter_best_exchange_cw,11377608,11855957,0.110492,4
N-t69r11xx_150,iter_best_insert_cw,10970635,11855957,0.038942,7
N-t69r11xx_150,iter_best_transpose_cw,8610729,11855957,0.002675,27
N-t69r11xx_150,iter_first_exchange_cw,11429931,11855957,0.462287,3
N-t69r11xx_150,iter_first_insert_cw,11168347,11855957,0.29817,5
N-t69r11xx_150,iter_first_transpose_cw,8581805,11855957,0.002047,27
N-t65l11xx_150,iter_best_exchange_random,247837,253396,0.11595,2
N-t65l11xx_150,iter_best_insert_random,244336,253396,0.051552,3
N-t65l11xx_150,iter_best_transpose_random,140450,253396,0.001189,44
N-t65l11xx_150,iter_first_exchange_random,248295,253396,0.485624,2
N-t65l11xx_150,iter_first_insert_random,243279,253396,0.221612,3
N-t65l11xx_150,iter_first_transpose_random,140441,253396,0.000869,44
N-t65l11xx_150,iter_best_exchange_cw,245202,253396,0.107688,3
N-t65l11xx_150,iter_best_insert_cw,239435,253396,0.043315,5
N-t65l11xx_150,iter_best_transpose_cw,211132,253396,0.001547,16
N-t65l11xx_150,iter_first_exchange_cw,248488,253396,0.375964,1
N-t65l11xx_150,iter_first_insert_cw,241831,253396,0.14568,4
N-t65l11xx_150,iter_first_transpose_cw,210231,253396,0.001065,17
N-stabu2_150,iter_best_exchange_random,4222399,4327538,0.113438,2
N-stabu2_150,iter_best_insert_random,4119175,4327538,0.051843,4
N-stabu2_150,iter_best_transpose_random,2930429,4327538,0.007057,32
N-stabu2_150,iter_first_exchange_random,4262291,4327538,0.798436,1
N-stabu2_150,iter_first_insert_random,4132387,4327538,0.402779,4
N-stabu2_150,iter_first_transpose_random,2928442,4327538,0.003171,32
N-stabu2_150,iter_best_exchange_cw,4197633,4327538,0.10685,3
N-stabu2_150,iter_best_insert_cw,4152154,4327538,0.044984,4
N-stabu2_150,iter_best_transpose_cw,3400569,4327538,0.003551,21
N-stabu2_150,iter_first_exchange_cw,4253389,4327538,0.530407,1
N-stabu2_150,iter_first_insert_cw,4183996,4327538,0.322467,3
N-stabu2_150,iter_first_transpose_cw,3415856,4327538,0.003058,21
N-tiw56r58_150,iter_best_exchange_random,1174178,1219295,0.128076,3
N-tiw56r58_150,iter_best_insert_random,1165455,1219295,0.048439,4
N-tiw56r58_150,iter_best_transpose_random,854029,1219295,0.002934,29
N-tiw56r58_150,iter_first_exchange_random,1187869,1219295,0.643448,2
N-tiw56r58_150,iter_first_insert_random,1161963,1219295,0.387823,4
N-tiw56r58_150,iter_first_transpose_random,854859,1219295,0.002895,29
N-tiw56r58_150,iter_best_exchange_cw,1167911,1219295,0.105383,4
N-tiw56r58_150,iter_best_insert_cw,1157937,1219295,0.050982,5
N-tiw56r58_150,iter_best_transpose_cw,957977,1219295,0.003355,21
N-tiw56r58_150,iter_first_exchange_cw,1182821,1219295,0.491019,2
N-tiw56r58_150,iter_first_insert_cw,1161362,1219295,0.36976,4
N-tiw56r58_150,iter_first_transpose_cw,960327,1219295,0.003069,21
N-be75np_250,iter_best_exchange_random,17109517,17814072,1.20551,3
N-be75np_250,iter_best_insert_random,17068229,17814072,0.675085,4
N-be75np_250,iter_best_transpose_random,11984932,17814072,0.014454,32
N-be75np_250,iter_first_exchange_random,17398125,17814072,9.17505,2
N-be75np_250,iter_first_insert_random,16916186,17814072,5.55152,5
N-be75np_250,iter_first_transpose_random,11978668,17814072,0.011029,32
N-be75np_250,iter_best_exchange_cw,17254596,17814072,1.359,3
N-be75np_250,iter_best_insert_cw,17046605,17814072,0.557658,4
N-be75np_250,iter_best_transpose_cw,14353365,17814072,0.016692,19
N-be75np_250,iter_first_exchange_cw,17358527,17814072,8.48821,2
N-be75np_250,iter_first_insert_cw,17013697,17814072,4.50654,4
N-be75np_250,iter_first_transpose_cw,14324503,17814072,0.012986,19
N-stabu3_150,iter_best_exchange_random,4369509,4510445,0.116471,3
N-stabu3_150,iter_best_insert_random,4312619,4510445,0.048871,4
N-stabu3_150,iter_best_transpose_random,2745414,4510445,0.003304,39
N-stabu3_150,iter_first_exchange_random,4388008,4510445,0.66305,2
N-stabu3_150,iter_first_insert_random,4318846,4510445,0.510358,4
N-stabu3_150,iter_first_transpose_random,2723443,4510445,0.002583,39
N-stabu3_150,iter_best_exchange_cw,4382341,4510445,0.121047,2
N-stabu3_150,iter_best_insert_cw,4356391,4510445,0.055898,3
N-stabu3_150,iter_best_transpose_cw,3564470,4510445,0.004034,20
N-stabu3_150,iter_first_exchange_cw,4397569,4510445,0.630148,2
N-stabu3_150,iter_first_insert_cw,4356513,4510445,0.316019,3
N-stabu3_150,iter_first_transpose_cw,3559044,4510445,0.003406,21
N-t65f11xx_250,iter_best_exchange_random,8146078,8409567,1.32544,3
N-t65f11xx_250,iter_best_insert_random,7963169,8409567,0.654069,5
N-t65f11xx_250,iter_best_transpose_random,5752426,8409567,0.015753,31
N-t65f11xx_250,iter_first_exchange_random,8182009,8409567,9.43974,2
N-t65f11xx_250,iter_first_insert_random,7978255,8409567,6.16163,5
N-t65f11xx_250,iter_first_transpose_random,5750038,8409567,0.011448,31
N-t65f11xx_250,iter_best_exchange_cw,8141102,8409567,1.36755,3
N-t65f11xx_250,iter_best_insert_cw,7990620,8409567,0.579076,4
N-t65f11xx_250,iter_best_transpose_cw,6583487,8409567,0.016646,21
N-t65f11xx_250,iter_first_exchange_cw,8209172,8409567,7.57982,2
N-t65f11xx_250,iter_first_insert_cw,7968332,8409567,4.08912,5
N-t65f11xx_250,iter_first_transpose_cw,6572536,8409567,0.01265,21
N-t59b11xx_150,iter_best_exchange_random,3124745,3239550,0.118394,3
N-t59b11xx_150,iter_best_insert_random,3005325,3239550,0.05663,7
N-t59b11xx_150,iter_best_transpose_random,2009325,3239550,0.002423,37
N-t59b11xx_150,iter_first_exchange_random,3110245,3239550,0.52034,3
N-t59b11xx_150,iter_first_insert_random,3071235,3239550,0.385287,5
N-t59b11xx_150,iter_first_transpose_random,2002235,3239550,0.001706,38
N-t59b11xx_150,iter_best_exchange_cw,3142320,3239550,0.095591,3
N-t59b11xx_150,iter_best_insert_cw,3054870,3239550,0.046779,5
N-t59b11xx_150,iter_best_transpose_cw,2450455,3239550,0.002477,24
N-t59b11xx_150,iter_first_exchange_cw,3151180,3239550,0.41423,2
N-t59b11xx_150,iter_first_insert_cw,3089675,3239550,0.260759,4
N-t59b11xx_150,iter_first_transpose_cw,2447230,3239550,0.002013,24
N-tiw56n58_250,iter_best_exchange_random,2801590,2906657,1.31634,3
N-tiw56n58_250,iter_best_insert_random,2786436,2906657,0.5949,4
N-tiw56n58_250,iter_best_transpose_random,1970209,2906657,0.025915,32
N-tiw56n58_250,iter_first_exchange_random,2824579,2906657,7.85308,2
N-tiw56n58_250,iter_first_insert_random,2763910,2906657,6.14215,4
N-tiw56n58_250,iter_first_transpose_random,1969943,2906657,0.010052,32
N-tiw56n58_250,iter_best_exchange_cw,2791266,2906657,1.09678,3
N-tiw56n58_250,iter_best_insert_cw,2770781,2906657,0.559832,4
N-tiw56n58_250,iter_best_transpose_cw,2347887,2906657,0.019715,19
N-tiw56n58_250,iter_first_exchange_cw,2818296,2906657,7.23722,3
N-tiw56n58_250,iter_first_insert_cw,2762824,2906657,5.03992,4
N-tiw56n58_250,iter_first_transpose_cw,2346993,2906657,0.015495,19
N-t75n11xx_150,iter_best_exchange_random,1685356,1743094,0.141652,3
N-t75n11xx_150,iter_best_insert_random,1623463,1743094,0.058507,6
N-t75n11xx_150,iter_best_transpose_random,1095117,1743094,0.003156,37
N-t75n11xx_150,iter_first_exchange_random,1692089,1743094,0.594527,2
N-t75n11xx_150,iter_first_insert_random,1634405,1743094,0.41936,6
N-t75n11xx_150,iter_first_transpose_random,1093490,1743094,0.002632,37
N-t75n11xx_150,iter_best_exchange_cw,1681843,1743094,0.12791,3
N-t75n11xx_150,iter_best_insert_cw,1634675,1743094,0.055288,6
N-t75n11xx_150,iter_best_transpose_cw,1295335,1743094,0.003402,25
N-t75n11xx_150,iter_first_exchange_cw,1679209,1743094,0.585712,3
N-t75n11xx_150,iter_first_insert_cw,1609318,1743094,0.324577,7
N-t75n11xx_150,iter_first_transpose_cw,1291642,1743094,0.002732,25
N-tiw56n67_250,iter_best_exchange_random,6160622,6324858,1.81584,2
N-tiw56n67_250,iter_best_insert_random,6009067,6324858,0.625719,4
N-tiw56n67_250,iter_best_transpose_random,4242540,6324858,0.018384,32
N-tiw56n67_250,iter_first_exchange_random,6174702,6324858,8.9661,2
N-tiw56n67_250,iter_first_insert_random,6022717,6324858,6.60428,4
N-tiw56n67_250,iter_first_transpose_random,4239867,6324858,0.011909,32
N-tiw56n67_250,iter_best_exchange_cw,6115468,6324858,1.22261,3
N-tiw56n67_250,iter_best_insert_cw,6045800,6324858,0.550679,4
N-tiw56n67_250,iter_best_transpose_cw,5127389,6324858,0.017654,18
N-tiw56n67_250,iter_first_exchange_cw,6160547,6324858,7.56191,2
N-tiw56n67_250,iter_first_insert_cw,6100778,6324858,4.66605,3
N-tiw56n67_250,iter_first_transpose_cw,5122695,6324858,0.012254,19
N-t65d11xx_150,iter_best_exchange_random,3435865,3559347,0.112047,3
N-t65d11xx_150,iter_best_insert_random,3380824,3559347,0.052331,5
N-t65d11xx_150,iter_best_transpose_random,2441297,3559347,0.003623,31
N-t65d11xx_150,iter_first_exchange_random,3449807,3559347,0.695147,3
N-t65d11xx_150,iter_first_insert_random,3342904,3559347,0.445926,6
N-t65d11xx_150,iter_first_transpose_random,2428417,3559347,0.002914,31
N-t65d11xx_150,iter_best_exchange_cw,3429156,3559347,0.103528,3
N-t65d11xx_150,iter_best_insert_cw,3392062,3559347,0.046859,4
N-t65d11xx_150,iter_best_transpose_cw,2789357,3559347,0.003536,21
N-t65d11xx_150,iter_first_exchange_cw,3443247,3559347,0.434249,3
N-t65d11xx_150,iter_first_insert_cw,3411470,3559347,0.293616,4
N-t65d11xx_150,iter_first_transpose_cw,2777233,3559347,0.002624,21
N-t75d11xx_250,iter_best_exchange_random,24126191,25017059,1.53645,3
N-t75d11xx_250,iter_best_insert_random,23682998,25017059,0.661643,5
N-t75d11xx_250,iter_best_transpose_random,16767406,25017059,0.021514,32
N-t75d11xx_250,iter_first_exchange_random,24475774,25017059,10.6964,2
N-t75d11xx_250,iter_first_insert_random,24056501,25017059,7.14766,3
N-t75d11xx_250,iter_first_transpose_random,16788828,25017059,0.014928,32
N-t75d11xx_250,iter_best_exchange_cw,24002338,25017059,1.06923,4
N-t75d11xx_250,iter_best_insert_cw,23800333,25017059,0.499539,4
N-t75d11xx_250,iter_best_transpose_cw,20016609,25017059,0.016273,19
N-t75d11xx_250,iter_first_exchange_cw,24510816,25017059,8.87626,2
N-t75d11xx_250,iter_first_insert_cw,23910168,25017059,5.10297,4
N-t75d11xx_250,iter_first_transpose_cw,19976296,25017059,0.012892,20
N-t74d11xx_250,iter_best_exchange_random,23475355,24430250,1.36608,3
N-t74d11xx_250,iter_best_insert_random,23028728,24430250,0.618617,5
N-t74d11xx_250,iter_best_transpose_random,16289011,24430250,0.021463,33
N-t74d11xx_250,iter_first_exchange_random,23913417,24430250,11.518,2
N-t74d11xx_250,iter_first_insert_random,23221699,24430250,6.92785,4
N-t74d11xx_250,iter_first_transpose_random,16274514,24430250,0.013459,33
N-t74d11xx_250,iter_best_exchange_cw,23489869,24430250,1.35544,3
N-t74d11xx_250,iter_best_insert_cw,23244553,24430250,0.714569,4
N-t74d11xx_250,iter_best_transpose_cw,19607450,24430250,0.01965,19
N-t74d11xx_250,iter_first_exchange_cw,23850980,24430250,8.88815,2
N-t74d11xx_250,iter_first_insert_cw,23392010,24430250,5.03031,4
N-t74d11xx_250,iter_first_transpose_cw,19584099,24430250,0.01479,19
N-tiw56n72_250,iter_best_exchange_random,10795015,11149706,1.33349,3
N-tiw56n72_250,iter_best_insert_random,10596398,11149706,0.549672,4
N-tiw56n72_250,iter_best_transpose_random,7103840,11149706,0.01801,36
N-tiw56n72_250,iter_first_exchange_random,10873714,11149706,9.60415,2
N-tiw56n72_250,iter_first_insert_random,10644976,11149706,5.52031,4
N-tiw56n72_250,iter_first_transpose_random,7100362,11149706,0.014904,36
N-tiw56n72_250,iter_best_exchange_cw,10762850,11149706,1.15604,3
N-tiw56n72_250,iter_best_insert_cw,10641603,11149706,0.534131,4
N-tiw56n72_250,iter_best_transpose_cw,8984902,11149706,0.018608,19
N-tiw56n72_250,iter_first_exchange_cw,10860583,11149706,8.16989,2
N-tiw56n72_250,iter_first_insert_cw,10692728,11149706,4.08098,4
N-tiw56n72_250,iter_first_transpose_cw,8982798,11149706,0.014809,19
N-tiw56n66_250,iter_best_exchange_random,5182752,5370404,1.25278,3
N-tiw56n66_250,iter_best_insert_random,5064109,5370404,0.554362,5
N-tiw56n66_250,iter_best_transpose_random,3661400,5370404,0.017089,31
N-tiw56n66_250,iter_first_exchange_random,5217625,5370404,9.80215,2
N-tiw56n66_250,iter_first_insert_random,5070932,5370404,5.70925,5
N-tiw56n66_250,iter_first_transpose_random,3662251,5370404,0.013893,31
N-tiw56n66_250,iter_best_exchange_cw,5197649,5370404,1.28757,3
N-tiw56n66_250,iter_best_insert_cw,5094497,5370404,0.537252,5
N-tiw56n66_250,iter_best_transpose_cw,4353032,5370404,0.015117,18
N-tiw56n66_250,iter_first_exchange_cw,5231231,5370404,7.57089,2
N-tiw56n66_250,iter_first_insert_cw,5147417,5370404,4.75293,4
N-tiw56n66_250,iter_first_transpose_cw,4342700,5370404,0.012396,19
N-t65n11xx_250,iter_best_exchange_random,1370670,1429362,1.2097,4
N-t65n11xx_250,iter_best_insert_random,1355234,1429362,0.611717,5
N-t65n11xx_250,iter_best_transpose_random,942622,1429362,0.013863,34
N-t65n11xx_250,iter_first_exchange_random,1390124,1429362,7.33204,2
N-t65n11xx_250,iter_first_insert_random,1333716,1429362,4.37064,6
N-t65n11xx_250,iter_first_transpose_random,943684,1429362,0.011105,33
N-t65n11xx_250,iter_best_exchange_cw,1383583,1429362,1.60081,3
N-t65n11xx_250,iter_best_insert_cw,1343818,1429362,0.586428,5
N-t65n11xx_250,iter_best_transpose_cw,1103800,1429362,0.012265,22
N-t65n11xx_250,iter_first_exchange_cw,1390380,1429362,8.06714,2
N-t65n11xx_250,iter_first_insert_cw,1339859,1429362,4.017,6
N-t65n11xx_250,iter_first_transpose_cw,1102109,1429362,0.009803,22
N-tiw56r67_250,iter_best_exchange_random,5140187,5289658,1.32026,2
N-tiw56r67_250,iter_best_insert_random,5045454,5289658,0.632528,4
N-tiw56r67_250,iter_best_transpose_random,3708901,5289658,0.017173,29
N-tiw56r67_250,iter_first_exchange_random,5149548,5289658,10.692,2
N-tiw56r67_250,iter_first_insert_random,5027650,5289658,5.86568,4
N-tiw56r67_250,iter_first_transpose_random,3698459,5289658,0.012723,30
N-tiw56r67_250,iter_best_exchange_cw,5137869,5289658,1.2072,2
N-tiw56r67_250,iter_best_insert_cw,5023672,5289658,0.508113,5
N-tiw56r67_250,iter_best_transpose_cw,4326936,5289658,0.016213,18
N-tiw56r67_250,iter_first_exchange_cw,5169689,5289658,8.05504,2
N-tiw56r67_250,iter_first_insert_cw,5063863,5289658,4.37024,4
N-tiw56r67_250,iter_first_transpose_cw,4319642,5289658,0.012801,18
N-t75e11xx_150,iter_best_exchange_random,39278211,41570193,0.118409,5
N-t75e11xx_150,iter_best_insert_random,39228239,41570193,0.053271,5
N-t75e11xx_150,iter_best_transpose_random,25916273,41570193,0.004489,37
N-t75e11xx_150,iter_first_exchange_random,40530613,41570193,0.784202,2
N-t75e11xx_150,iter_first_insert_random,38855686,41570193,0.452729,6
N-t75e11xx_150,iter_first_transpose_random,25899926,41570193,0.004831,37
N-t75e11xx_150,iter_best_exchange_cw,39944281,41570193,0.112851,3
N-t75e11xx_150,iter_best_insert_cw,39583290,41570193,0.054618,4
N-t75e11xx_150,iter_best_transpose_cw,32688411,41570193,0.004482,21
N-t75e11xx_150,iter_first_exchange_cw,40672344,41570193,0.670964,2
N-t75e11xx_150,iter_first_insert_cw,39564291,41570193,0.311597,4
N-t75e11xx_150,iter_first_transpose_cw,32839998,41570193,0.003713,21
N-t70b11xx_250,iter_best_exchange_random,24306354,25403045,1.28856,4
N-t70b11xx_250,iter_best_insert_random,23974078,25403045,0.580451,5
N-t70b11xx_250,iter_best_transpose_random,16961673,25403045,0.011643,33
N-t70b11xx_250,iter_first_exchange_random,24688851,25403045,8.59639,2
N-t70b11xx_250,iter_first_insert_random,24081164,25403045,5.86217,5
N-t70b11xx_250,iter_first_transpose_random,16961670,25403045,0.010723,33
N-t70b11xx_250,iter_best_exchange_cw,24513092,25403045,1.18251,3
N-t70b11xx_250,iter_best_insert_cw,23879156,25403045,0.586243,5
N-t70b11xx_250,iter_best_transpose_cw,20035005,25403045,0.014,21
N-t70b11xx_250,iter_first_exchange_cw,24756649,25403045,8.01137,2
N-t70b11xx_250,iter_first_insert_cw,24192607,25403045,4.64485,4
N-t70b11xx_250,iter_first_transpose_cw,20007950,25403045,0.010406,21
N-tiw56n62_150,iter_best_exchange_random,1571603,1626921,0.111765,3
N-tiw56n62_150,iter_best_insert_random,1566813,1626921,0.055531,3
N-tiw56n62_150,iter_best_transpose_random,1103670,1626921,0.004488,32
N-tiw56n62_150,iter_first_exchange_random,1578536,1626921,0.594548,2
N-tiw56n62_150,iter_first_insert_random,1533366,1626921,0.416547,5
N-tiw56n62_150,iter_first_transpose_random,1105905,1626921,0.003369,32
N-tiw56n62_150,iter_best_exchange_cw,1560209,1626921,0.113882,4
N-tiw56n62_150,iter_best_insert_cw,1535432,1626921,0.046209,5
N-tiw56n62_150,iter_best_transpose_cw,1276730,1626921,0.004409,21
N-tiw56n62_150,iter_first_exchange_cw,1582628,1626921,0.500461,2
N-tiw56n62_150,iter_first_insert_cw,1550321,1626921,0.355373,4
N-tiw56n62_150,iter_first_transpose_cw,1277959,1626921,0.003287,21
N-stabu1_250,iter_best_exchange_random,7413901,7742444,1.44153,4
N-stabu1_250,iter_best_insert_random,7352768,7742444,0.61021,5
N-stabu1_250,iter_best_transpose_random,4966035,7742444,0.015967,35
N-stabu1_250,iter_first_exchange_random,7568939,7742444,10.7727,2
N-stabu1_250,iter_first_insert_random,7335686,7742444,6.63344,5
N-stabu1_250,iter_first_transpose_random,4966916,7742444,0.011346,35
N-stabu1_250,iter_best_exchange_cw,7517244,7742444,1.26764,2
N-stabu1_250,iter_best_insert_cw,7415578,7742444,0.614637,4
N-stabu1_250,iter_best_transpose_cw,6257571,7742444,0.019622,19
N-stabu1_250,iter_first_exchange_cw,7539079,7742444,7.96842,2
N-stabu1_250,iter_first_insert_cw,7335040,7742444,4.21005,5
N-stabu1_250,iter_first_transpose_cw,6255780,7742444,0.014554,19
N-tiw56r66_250,iter_best_exchange_random,4769128,4948414,1.30433,3
N-tiw56r66_250,iter_best_insert_random,4672290,4948414,0.540534,5
N-tiw56r66_250,iter_best_transpose_random,3545927,4948414,0.015609,28
N-tiw56r66_250,iter_first_exchange_random,4776292,4948414,9.26894,3
N-tiw56r66_250,iter_first_insert_random,4693881,4948414,5.19768,5
N-tiw56r66_250,iter_first_transpose_random,3531843,4948414,0.011476,28
N-tiw56r66_250,iter_best_exchange_cw,4770120,4948414,1.30704,3
N-tiw56r66_250,iter_best_insert_cw,4696291,4948414,0.613033,5
N-tiw56r66_250,iter_best_transpose_cw,4002064,4948414,0.017697,19
N-tiw56r66_250,iter_first_exchange_cw,4793628,4948414,7.31736,3
N-tiw56r66_250,iter_first_insert_cw,4744879,4948414,4.44543,4
N-tiw56r66_250,iter_first_transpose_cw,4006193,4948414,0.013373,19
N-be75eec_150,iter_best_exchange_random,3369524,	,0.094647,0
N-be75eec_150,iter_best_insert_random,3283293,	,0.046468,0
N-be75eec_150,iter_best_transpose_random,2006394,	,0.002588,0
N-be75eec_150,iter_first_exchange_random,3396081,	,0.673018,0
N-be75eec_150,iter_first_insert_random,3248063,	,0.362436,0
N-be75eec_150,iter_first_transpose_random,2007114,	,0.00187,0
N-be75eec_150,iter_best_exchange_cw,3373082,	,0.123909,0
N-be75eec_150,iter_best_insert_cw,3313288,	,0.046003,0
N-be75eec_150,iter_best_transpose_cw,2654451,	,0.003238,0
N-be75eec_150,iter_first_exchange_cw,3421616,	,0.503384,0
N-be75eec_150,iter_first_insert_cw,3308746,	,0.268834,0
N-be75eec_150,iter_first_transpose_cw,2651632,	,0.002518,0
N-tiw56r72_250,iter_best_exchange_random,7181339,7451579,1.34034,3
N-tiw56r72_250,iter_best_insert_random,7119024,7451579,0.57929,4
N-tiw56r72_250,iter_best_transpose_random,5082194,7451579,0.014203,31
N-tiw56r72_250,iter_first_exchange_random,7228523,7451579,8.62259,2
N-tiw56r72_250,iter_first_insert_random,7096893,7451579,6.29505,4
N-tiw56r72_250,iter_first_transpose_random,5059107,7451579,0.011042,32
N-tiw56r72_250,iter_best_exchange_cw,7182565,7451579,1.11242,3
N-tiw56r72_250,iter_best_insert_cw,7062173,7451579,0.510833,5
N-tiw56r72_250,iter_best_transpose_cw,5967633,7451579,0.017532,19
N-tiw56r72_250,iter_first_exchange_cw,7239581,7451579,7.52108,2
N-tiw56r72_250,iter_first_insert_cw,7074512,7451579,4.02285,5
N-tiw56r72_250,iter_first_transpose_cw,5958395,7451579,0.013602,20
N-tiw56r58_250,iter_best_exchange_random,2934333,3060323,1.3333,4
N-tiw56r58_250,iter_best_insert_random,2919224,3060323,0.574427,4
N-tiw56r58_250,iter_best_transpose_random,2123355,3060323,0.017717,30
N-tiw56r58_250,iter_first_exchange_random,2975009,3060323,8.26544,2
N-tiw56r58_250,iter_first_insert_random,2892843,3060323,5.75912,5
N-tiw56r58_250,iter_first_transpose_random,2123235,3060323,0.012429,30
N-tiw56r58_250,iter_best_exchange_cw,2955791,3060323,1.22898,3
N-tiw56r58_250,iter_best_insert_cw,2902057,3060323,0.508247,5
N-tiw56r58_250,iter_best_transpose_cw,2475307,3060323,0.019082,19
N-tiw56r58_250,iter_first_exchange_cw,2994649,3060323,6.89869,2
N-tiw56r58_250,iter_first_insert_cw,2907267,3060323,4.33382,5
N-tiw56r58_250,iter_first_transpose_cw,2468108,3060323,0.01389,19
N-t65f11xx_150,iter_best_exchange_random,3051828,3159326,0.121103,3
N-t65f11xx_150,iter_best_insert_random,2971859,3159326,0.047659,5
N-t65f11xx_150,iter_best_transpose_random,2199919,3159326,0.004012,30
N-t65f11xx_150,iter_first_exchange_random,3066941,3159326,0.669131,2
N-t65f11xx_150,iter_first_insert_random,2963964,3159326,0.31716,6
N-t65f11xx_150,iter_first_transpose_random,2209851,3159326,0.003253,30
N-t65f11xx_150,iter_best_exchange_cw,3051208,3159326,0.155718,3
N-t65f11xx_150,iter_best_insert_cw,3005722,3159326,0.054606,4
N-t65f11xx_150,iter_best_transpose_cw,2433795,3159326,0.004028,22
N-t65f11xx_150,iter_first_exchange_cw,3057837,3159326,0.464404,3
N-t65f11xx_150,iter_first_insert_cw,2986857,3159326,0.282367,5
N-t65f11xx_150,iter_first_transpose_cw,2435847,3159326,0.0031,22
N-stabu3_250,iter_best_exchange_random,11515687,11900315,1.30948,3
N-stabu3_250,iter_best_insert_random,11363822,11900315,0.597617,4
N-stabu3_250,iter_best_transpose_random,8164296,11900315,0.016944,31
N-stabu3_250,iter_first_exchange_random,11611364,11900315,9.3105,2
N-stabu3_250,iter_first_insert_random,11371396,11900315,6.10255,4
N-stabu3_250,iter_first_transpose_random,8140032,11900315,0.012112,31
N-stabu3_250,iter_best_exchange_cw,11511445,11900315,1.35462,3
N-stabu3_250,iter_best_insert_cw,11321669,11900315,0.536205,4
N-stabu3_250,iter_best_transpose_cw,9392522,11900315,0.018073,21
N-stabu3_250,iter_first_exchange_cw,11707020,11900315,8.90528,1
N-stabu3_250,iter_first_insert_cw,11357443,11900315,4.33811,4
N-stabu3_250,iter_first_transpose_cw,9369398,11900315,0.013971,21
N-be75np_150,iter_best_exchange_random,6845589,7174325,0.111912,4
N-be75np_150,iter_best_insert_random,6801828,7174325,0.044933,5
N-be75np_150,iter_best_transpose_random,4805062,7174325,0.00432,33
N-be75np_150,iter_first_exchange_random,7051648,7174325,0.698016,1
N-be75np_150,iter_first_insert_random,6855510,7174325,0.342478,4
N-be75np_150,iter_first_transpose_random,4826829,7174325,0.00326,32
N-be75np_150,iter_best_exchange_cw,6928590,7174325,0.112083,3
N-be75np_150,iter_best_insert_cw,6762881,7174325,0.050484,5
N-be75np_150,iter_best_transpose_cw,5713181,7174325,0.003833,20
N-be75np_150,iter_first_exchange_cw,7012299,7174325,0.477163,2
N-be75np_150,iter_first_insert_cw,6825693,7174325,0.260586,4
N-be75np_150,iter_first_transpose_cw,5719496,7174325,0.003049,20
N-t65l11xx_250,iter_best_exchange_random,648995,666254,1.16343,2
N-t65l11xx_250,iter_best_insert_random,630358,666254,0.569335,5
N-t65l11xx_250,iter_best_transpose_random,393820,666254,0.003569,40
N-t65l11xx_250,iter_first_exchange_random,652360,666254,7.07698,2
N-t65l11xx_250,iter_first_insert_random,622682,666254,3.11309,6
N-t65l11xx_250,iter_first_transpose_random,393793,666254,0.002443,40
N-t65l11xx_250,iter_best_exchange_cw,642223,666254,1.01603,3
N-t65l11xx_250,iter_best_insert_cw,630716,666254,0.520573,5
N-t65l11xx_250,iter_best_transpose_cw,525677,666254,0.005116,21
N-t65l11xx_250,iter_first_exchange_cw,654958,666254,5.73626,1
N-t65l11xx_250,iter_first_insert_cw,634599,666254,2.20539,4
N-t65l11xx_250,iter_first_transpose_cw,522833,666254,0.004111,21
N-t69r11xx_250,iter_best_exchange_random,30588531,31815927,1.19459,3
N-t69r11xx_250,iter_best_insert_random,29693969,31815927,0.600163,6
N-t69r11xx_250,iter_best_transpose_random,20638455,31815927,0.012029,35
N-t69r11xx_250,iter_first_exchange_random,30832945,31815927,9.04683,3
N-t69r11xx_250,iter_first_insert_random,29678950,31815927,4.56524,6
N-t69r11xx_250,iter_first_transpose_random,20628629,31815927,0.00889,35
N-t69r11xx_250,iter_best_exchange_cw,30691773,31815927,1.30457,3
N-t69r11xx_250,iter_best_insert_cw,30135837,31815927,0.567103,5
N-t69r11xx_250,iter_best_transpose_cw,24476767,31815927,0.012059,23
N-t69r11xx_250,iter_first_exchange_cw,30762137,31815927,7.82677,3
N-t69r11xx_250,iter_first_insert_cw,30178308,31815927,4.65751,5
N-t69r11xx_250,iter_first_transpose_cw,24479777,31815927,0.009668,23
N-stabu2_250,iter_best_exchange_random,11105979,11500448,1.43701,3
N-stabu2_250,iter_best_insert_random,11013016,11500448,0.615456,4
N-stabu2_250,iter_best_transpose_random,7688621,11500448,0.014141,33
N-stabu2_250,iter_first_exchange_random,11236725,11500448,9.91723,2
N-stabu2_250,iter_first_insert_random,10910181,11500448,5.71851,5
N-stabu2_250,iter_first_transpose_random,7673244,11500448,0.011677,33
N-stabu2_250,iter_best_exchange_cw,11168343,11500448,1.23588,2
N-stabu2_250,iter_best_insert_cw,11059172,11500448,0.545221,3
N-stabu2_250,iter_best_transpose_cw,9139139,11500448,0.018882,20
N-stabu2_250,iter_first_exchange_cw,11202406,11500448,7.64436,2
N-stabu2_250,iter_first_insert_cw,11076473,11500448,4.65452,3
N-stabu2_250,iter_first_transpose_cw,9134765,11500448,0.014246,20
N-t59b11xx_250,iter_best_exchange_random,8124965,8411910,1.33264,3
N-t59b11xx_250,iter_best_insert_random,7962190,8411910,0.617251,5
N-t59b11xx_250,iter_best_transpose_random,5724265,8411910,0.010749,31
N-t59b11xx_250,iter_first_exchange_random,8139240,8411910,7.01531,3
N-t59b11xx_250,iter_first_insert_random,7985385,8411910,4.55445,5
N-t59b11xx_250,iter_first_transpose_random,5720490,8411910,0.005528,31
N-t59b11xx_250,iter_best_exchange_cw,8066060,8411910,1.09148,4
N-t59b11xx_250,iter_best_insert_cw,7913830,8411910,0.477805,5
N-t59b11xx_250,iter_best_transpose_cw,6662350,8411910,0.009844,20
N-t59b11xx_250,iter_first_exchange_cw,8137705,8411910,5.33924,3
N-t59b11xx_250,iter_first_insert_cw,7948520,8411910,2.98212,5
N-t59b11xx_250,iter_first_transpose_cw,6662010,8411910,0.007875,20
N-tiw56n58_150,iter_best_exchange_random,1115930,1155392,0.124479,3
N-tiw56n58_150,iter_best_insert_random,1108911,1155392,0.056882,4
N-tiw56n58_150,iter_best_transpose_random,721898,1155392,0.00354,37
N-tiw56n58_150,iter_first_exchange_random,1112420,1155392,0.603985,3
N-tiw56n58_150,iter_first_insert_random,1087185,1155392,0.407661,5
N-tiw56n58_150,iter_first_transpose_random,719840,1155392,0.002643,37
N-tiw56n58_150,iter_best_exchange_cw,1102797,1155392,0.099745,4
N-tiw56n58_150,iter_best_insert_cw,1093667,1155392,0.053705,5
N-tiw56n58_150,iter_best_transpose_cw,916570,1155392,0.003408,20
N-tiw56n58_150,iter_first_exchange_cw,1126914,1155392,0.505347,2
N-tiw56n58_150,iter_first_insert_cw,1092374,1155392,0.32331,5
N-tiw56n58_150,iter_first_transpose_cw,918533,1155392,0.002819,20
N-t74d11xx_150,iter_best_exchange_random,9043919,9396044,0.108343,3
N-t74d11xx_150,iter_best_insert_random,8875213,9396044,0.048905,5
N-t74d11xx_150,iter_best_transpose_random,6255352,9396044,0.004022,33
N-t74d11xx_150,iter_first_exchange_random,9161255,9396044,0.594008,2
N-t74d11xx_150,iter_first_insert_random,8899703,9396044,0.380669,5
N-t74d11xx_150,iter_first_transpose_random,6193402,9396044,0.003941,34
N-t74d11xx_150,iter_best_exchange_cw,9120075,9396044,0.117801,2
N-t74d11xx_150,iter_best_insert_cw,8860552,9396044,0.045625,5
N-t74d11xx_150,iter_best_transpose_cw,7512478,9396044,0.004855,20
N-t74d11xx_150,iter_first_exchange_cw,9162763,9396044,0.570638,2
N-t74d11xx_150,iter_first_insert_cw,8970420,9396044,0.341854,4
N-t74d11xx_150,iter_first_transpose_cw,7500059,9396044,0.003856,20
N-t75d11xx_150,iter_best_exchange_random,9236403,9642140,0.109091,4
N-t75d11xx_150,iter_best_insert_random,9187178,9642140,0.060384,4
N-t75d11xx_150,iter_best_transpose_random,6229219,9642140,0.003749,35
N-t75d11xx_150,iter_first_exchange_random,9364667,9642140,0.692215,2
N-t75d11xx_150,iter_first_insert_random,9163386,9642140,0.462804,4
N-t75d11xx_150,iter_first_transpose_random,6209804,9642140,0.002862,35
N-t75d11xx_150,iter_best_exchange_cw,9298657,9642140,0.118705,3
N-t75d11xx_150,iter_best_insert_cw,9169830,9642140,0.061598,4
N-t75d11xx_150,iter_best_transpose_cw,7588126,9642140,0.004034,21
N-t75d11xx_150,iter_first_exchange_cw,9386507,9642140,0.615061,2
N-t75d11xx_150,iter_first_insert_cw,9153004,9642140,0.330775,5
N-t75d11xx_150,iter_first_transpose_cw,7563733,9642140,0.002916,21
N-t65n11xx_150,iter_best_exchange_random,532007,550733,0.115103,3
N-t65n11xx_150,iter_best_insert_random,518843,550733,0.056159,5
N-t65n11xx_150,iter_best_transpose_random,346799,550733,0.003234,37
N-t65n11xx_150,iter_first_exchange_random,533887,550733,0.580274,3
N-t65n11xx_150,iter_first_insert_random,514298,550733,0.366078,6
N-t65n11xx_150,iter_first_transpose_random,346907,550733,0.002492,37
N-t65n11xx_150,iter_best_exchange_cw,529043,550733,0.102731,3
N-t65n11xx_150,iter_best_insert_cw,518702,550733,0.045135,5
N-t65n11xx_150,iter_best_transpose_cw,410312,550733,0.002678,25
N-t65n11xx_150,iter_first_exchange_cw,536600,550733,0.495394,2
N-t65n11xx_150,iter_first_insert_cw,523414,550733,0.295911,4
N-t65n11xx_150,iter_first_transpose_cw,409231,550733,0.001962,25
N-tiw56n66_150,iter_best_exchange_random,2013447,2107619,0.116365,4
N-tiw56n66_150,iter_best_insert_random,1988317,2107619,0.058488,5
N-tiw56n66_150,iter_best_transpose_random,1429664,2107619,0.003932,32
N-tiw56n66_150,iter_first_exchange_random,2040824,2107619,0.560153,3
N-tiw56n66_150,iter_first_insert_random,1973427,2107619,0.366909,6
N-tiw56n66_150,iter_first_transpose_random,1430849,2107619,0.003284,32
N-tiw56n66_150,iter_best_exchange_cw,2000338,2107619,0.106037,5
N-tiw56n66_150,iter_best_insert_cw,2009620,2107619,0.055239,4
N-tiw56n66_150,iter_best_transpose_cw,1661203,2107619,0.003984,21
N-tiw56n66_150,iter_first_exchange_cw,2059982,2107619,0.682996,2
N-tiw56n66_150,iter_first_insert_cw,2009254,2107619,0.325208,4
N-tiw56n66_150,iter_first_transpose_cw,1641538,2107619,0.003342,22
N-tiw56n72_150,iter_best_exchange_random,3962281,4135907,0.117826,4
N-tiw56n72_150,iter_best_insert_random,3941570,4135907,0.057177,4
N-tiw56n72_150,iter_best_transpose_random,2640694,4135907,0.003539,36
N-tiw56n72_150,iter_first_exchange_random,4007672,4135907,0.677451,3
N-tiw56n72_150,iter_first_insert_random,3919691,4135907,0.420176,5
N-tiw56n72_150,iter_first_transpose_random,2606652,4135907,0.002947,36
N-tiw56n72_150,iter_best_exchange_cw,4007127,4135907,0.116588,3
N-tiw56n72_150,iter_best_insert_cw,3948741,4135907,0.049688,4
N-tiw56n72_150,iter_best_transpose_cw,3157688,4135907,0.008099,23
N-tiw56n72_150,iter_first_exchange_cw,4040758,4135907,0.599199,2
N-tiw56n72_150,iter_first_insert_cw,3980800,4135907,0.406554,3
N-tiw56n72_150,iter_first_transpose_cw,3148064,4135907,0.003087,23
N-t75n11xx_250,iter_best_exchange_random,4351201,4524942,1.37774,3
N-t75n11xx_250,iter_best_insert_random,4323433,4524942,0.595593,4
N-t75n11xx_250,iter_best_transpose_random,2964145,4524942,0.013709,34
N-t75n11xx_250,iter_first_exchange_random,4404004,4524942,9.8149,2
N-t75n11xx_250,iter_first_insert_random,4201700,4524942,5.42318,7
N-t75n11xx_250,iter_first_transpose_random,2969974,4524942,0.010032,34
N-t75n11xx_250,iter_best_exchange_cw,4364087,4524942,1.3153,3
N-t75n11xx_250,iter_best_insert_cw,4290820,4524942,0.565028,5
N-t75n11xx_250,iter_best_transpose_cw,3493380,4524942,0.015117,22
N-t75n11xx_250,iter_first_exchange_cw,4408922,4524942,7.98212,2
N-t75n11xx_250,iter_first_insert_cw,4332485,4524942,5.08173,4
N-t75n11xx_250,iter_first_transpose_cw,3484827,4524942,0.010926,22
N-tiw56n67_150,iter_best_exchange_random,2306644,2372926,0.147057,2
N-tiw56n67_150,iter_best_insert_random,2281357,2372926,0.063557,3
N-tiw56n67_150,iter_best_transpose_random,1622759,2372926,0.003991,31
N-tiw56n67_150,iter_first_exchange_random,2307776,2372926,0.592714,2
N-tiw56n67_150,iter_first_insert_random,2256027,2372926,0.432803,4
N-tiw56n67_150,iter_first_transpose_random,1619218,2372926,0.002846,31
N-tiw56n67_150,iter_best_exchange_cw,2283043,2372926,0.120259,3
N-tiw56n67_150,iter_best_insert_cw,2283613,2372926,0.050322,3
N-tiw56n67_150,iter_best_transpose_cw,1810412,2372926,0.00412,23
N-tiw56n67_150,iter_first_exchange_cw,2304579,2372926,0.467185,2
N-tiw56n67_150,iter_first_insert_cw,2296099,2372926,0.352523,3
N-tiw56n67_150,iter_first_transpose_cw,1806196,2372926,0.002778,23
N-t65d11xx_250,iter_best_exchange_random,9000230,9351696,1.49813,3
N-t65d11xx_250,iter_best_insert_random,8899737,9351696,0.64832,4
N-t65d11xx_250,iter_best_transpose_random,6645740,9351696,0.014798,28
N-t65d11xx_250,iter_first_exchange_random,9121949,9351696,8.26684,2
N-t65d11xx_250,iter_first_insert_random,8769301,9351696,5.43236,6
N-t65d11xx_250,iter_first_transpose_random,6640655,9351696,0.010329,28
N-t65d11xx_250,iter_best_exchange_cw,8968810,9351696,1.20539,4
N-t65d11xx_250,iter_best_insert_cw,8822893,9351696,0.554848,5
N-t65d11xx_250,iter_best_transpose_cw,7447570,9351696,0.014905,20
N-t65d11xx_250,iter_first_exchange_cw,9097313,9351696,7.91226,2
N-t65d11xx_250,iter_first_insert_cw,8795103,9351696,4.03177,5
N-t65d11xx_250,iter_first_transpose_cw,7435794,9351696,0.01232,20
