N-be75eec_150,memetic_random-init_exchange_rank-comb_rank-select_rank-mut_pop_10_mut_0.000000_time_22.072700_,150,memetic,exchange,0,random-init,10,3428378,3482828,22.0846,1
N-be75eec_150,memetic_random-init_exchange_rank-comb_rank-select_rank-mut_pop_10_mut_0.100000_time_22.072700_,150,memetic,exchange,0.1,random-init,10,3437920,3482828,22.0895,1
N-be75eec_150,memetic_random-init_exchange_rank-comb_rank-select_rank-mut_pop_10_mut_0.200000_time_22.072700_,150,memetic,exchange,0.2,random-init,10,3435144,3482828,22.0903,1
N-be75eec_150,memetic_random-init_exchange_rank-comb_rank-select_rank-mut_pop_10_mut_0.300000_time_22.072700_,150,memetic,exchange,0.3,random-init,10,3446878,3482828,22.1468,1
N-be75eec_150,memetic_random-init_exchange_rank-comb_rank-select_rank-mut_pop_10_mut_0.400000_time_22.072700_,150,memetic,exchange,0.4,random-init,10,3443723,3482828,22.1196,1
N-be75eec_150,memetic_random-init_exchange_rank-comb_rank-select_rank-mut_pop_10_mut_0.500000_time_22.072700_,150,memetic,exchange,0.5,random-init,10,3449327,3482828,22.2048,0
N-be75eec_150,memetic_random-init_exchange_rank-comb_rank-select_rank-mut_pop_10_mut_0.700000_time_22.072700_,150,memetic,exchange,0.7,random-init,10,3438102,3482828,22.2198,1
N-be75eec_150,memetic_random-init_exchange_rank-comb_rank-select_rank-mut_pop_10_mut_0.900000_time_22.072700_,150,memetic,exchange,0.9,random-init,10,3455354,3482828,22.313,0
N-be75eec_150,memetic_random-init_exchange_rank-comb_rank-select_rank-mut_pop_10_mut_1.000000_time_22.072700_,150,memetic,exchange,1,random-init,10,3439395,3482828,22.4182,1
N-be75np_150,memetic_random-init_exchange_rank-comb_rank-select_rank-mut_pop_10_mut_0.000000_time_22.846850_,150,memetic,exchange,0,random-init,10,7091300,7174325,22.9025,1
N-be75np_150,memetic_random-init_exchange_rank-comb_rank-select_rank-mut_pop_10_mut_0.100000_time_22.846850_,150,memetic,exchange,0.1,random-init,10,7106585,7174325,22.9377,0
N-be75np_150,memetic_random-init_exchange_rank-comb_rank-select_rank-mut_pop_10_mut_0.200000_time_22.846850_,150,memetic,exchange,0.2,random-init,10,7090806,7174325,22.8663,1
N-be75np_150,memetic_random-init_exchange_rank-comb_rank-select_rank-mut_pop_10_mut_0.300000_time_22.846850_,150,memetic,exchange,0.3,random-init,10,7094562,7174325,22.9088,1
N-be75np_150,memetic_random-init_exchange_rank-comb_rank-select_rank-mut_pop_10_mut_0.400000_time_22.846850_,150,memetic,exchange,0.4,random-init,10,7100632,7174325,22.9306,1
N-be75np_150,memetic_random-init_exchange_rank-comb_rank-select_rank-mut_pop_10_mut_0.500000_time_22.846850_,150,memetic,exchange,0.5,random-init,10,7101073,7174325,22.8848,1
N-be75np_150,memetic_random-init_exchange_rank-comb_rank-select_rank-mut_pop_10_mut_0.700000_time_22.846850_,150,memetic,exchange,0.7,random-init,10,7098100,7174325,23.0213,1
N-be75np_150,memetic_random-init_exchange_rank-comb_rank-select_rank-mut_pop_10_mut_0.900000_time_22.846850_,150,memetic,exchange,0.9,random-init,10,7093649,7174325,22.8555,1
N-be75np_150,memetic_random-init_exchange_rank-comb_rank-select_rank-mut_pop_10_mut_1.000000_time_22.846850_,150,memetic,exchange,1,random-init,10,7094110,7174325,23.1282,1
N-be75oi_150,memetic_random-init_exchange_rank-comb_rank-select_rank-mut_pop_10_mut_0.000000_time_31.828150_,150,memetic,exchange,0,random-init,10,2223368,2246534,31.8409,1
N-be75oi_150,memetic_random-init_exchange_rank-comb_rank-select_rank-mut_pop_10_mut_0.100000_time_31.828150_,150,memetic,exchange,0.1,random-init,10,2227357,2246534,31.83,0
N-be75oi_150,memetic_random-init_exchange_rank-comb_rank-select_rank-mut_pop_10_mut_0.200000_time_31.828150_,150,memetic,exchange,0.2,random-init,10,2221237,2246534,31.9222,1
N-be75oi_150,memetic_random-init_exchange_rank-comb_rank-select_rank-mut_pop_10_mut_0.300000_time_31.828150_,150,memetic,exchange,0.3,random-init,10,2232774,2246534,31.8879,0
N-be75oi_150,memetic_random-init_exchange_rank-comb_rank-select_rank-mut_pop_10_mut_0.400000_time_31.828150_,150,memetic,exchange,0.4,random-init,10,2233518,2246534,31.9349,0
N-be75oi_150,memetic_random-init_exchange_rank-comb_rank-select_rank-mut_pop_10_mut_0.500000_time_31.828150_,150,memetic,exchange,0.5,random-init,10,2230490,2246534,31.8355,0
N-be75oi_150,memetic_random-init_exchange_rank-comb_rank-select_rank-mut_pop_10_mut_0.700000_time_31.828150_,150,memetic,exchange,0.7,random-init,10,2232217,2246534,32.0404,0
N-be75oi_150,memetic_random-init_exchange_rank-comb_rank-select_rank-mut_pop_10_mut_0.900000_time_31.828150_,150,memetic,exchange,0.9,random-init,10,2232778,2246534,32.0023,0
N-be75oi_150,memetic_random-init_exchange_rank-comb_rank-select_rank-mut_pop_10_mut_1.000000_time_31.828150_,150,memetic,exchange,1,random-init,10,2229707,2246534,31.8393,0
N-be75tot_150,memetic_random-init_exchange_rank-comb_rank-select_rank-mut_pop_10_mut_0.000000_time_22.396400_,150,memetic,exchange,0,random-init,10,12020490,12287707,22.4073,2
N-be75tot_150,memetic_random-init_exchange_rank-comb_rank-select_rank-mut_pop_10_mut_0.100000_time_22.396400_,150,memetic,exchange,0.1,random-init,10,12056677,12287707,22.4361,1
N-be75tot_150,memetic_random-init_exchange_rank-comb_rank-select_rank-mut_pop_10_mut_0.200000_time_22.396400_,150,memetic,exchange,0.2,random-init,10,12042086,12287707,22.4263,1
N-be75tot_150,memetic_random-init_exchange_rank-comb_rank-select_rank-mut_pop_10_mut_0.300000_time_22.396400_,150,memetic,exchange,0.3,random-init,10,11996736,12287707,22.5884,2
N-be75tot_150,memetic_random-init_exchange_rank-comb_rank-select_rank-mut_pop_10_mut_0.400000_time_22.396400_,150,memetic,exchange,0.4,random-init,10,12064807,12287707,22.4696,1
N-be75tot_150,memetic_random-init_exchange_rank-comb_rank-select_rank-mut_pop_10_mut_0.500000_time_22.396400_,150,memetic,exchange,0.5,random-init,10,12041536,12287707,22.6425,2
N-be75tot_150,memetic_random-init_exchange_rank-comb_rank-select_rank-mut_pop_10_mut_0.700000_time_22.396400_,150,memetic,exchange,0.7,random-init,10,12020322,12287707,22.5419,2
N-be75tot_150,memetic_random-init_exchange_rank-comb_rank-select_rank-mut_pop_10_mut_0.900000_time_22.396400_,150,memetic,exchange,0.9,random-init,10,12008252,12287707,22.6058,2
N-be75tot_150,memetic_random-init_exchange_rank-comb_rank-select_rank-mut_pop_10_mut_1.000000_time_22.396400_,150,memetic,exchange,1,random-init,10,12032159,12287707,22.8253,2
N-stabu1_150,memetic_random-init_exchange_rank-comb_rank-select_rank-mut_pop_10_mut_0.000000_time_23.729900_,150,memetic,exchange,0,random-init,10,2837121,2875732,23.7419,1
N-stabu1_150,memetic_random-init_exchange_rank-comb_rank-select_rank-mut_pop_10_mut_0.100000_time_23.729900_,150,memetic,exchange,0.1,random-init,10,2838890,2875732,23.7352,1
N-stabu1_150,memetic_random-init_exchange_rank-comb_rank-select_rank-mut_pop_10_mut_0.200000_time_23.729900_,150,memetic,exchange,0.2,random-init,10,2849858,2875732,23.9522,0
N-stabu1_150,memetic_random-init_exchange_rank-comb_rank-select_rank-mut_pop_10_mut_0.300000_time_23.729900_,150,memetic,exchange,0.3,random-init,10,2845265,2875732,23.7336,1
N-stabu1_150,memetic_random-init_exchange_rank-comb_rank-select_rank-mut_pop_10_mut_0.400000_time_23.729900_,150,memetic,exchange,0.4,random-init,10,2843680,2875732,23.7971,1
N-stabu1_150,memetic_random-init_exchange_rank-comb_rank-select_rank-mut_pop_10_mut_0.500000_time_23.729900_,150,memetic,exchange,0.5,random-init,10,2835855,2875732,23.7782,1
N-stabu1_150,memetic_random-init_exchange_rank-comb_rank-select_rank-mut_pop_10_mut_0.700000_time_23.729900_,150,memetic,exchange,0.7,random-init,10,2842810,2875732,23.8295,1
N-stabu1_150,memetic_random-init_exchange_rank-comb_rank-select_rank-mut_pop_10_mut_0.900000_time_23.729900_,150,memetic,exchange,0.9,random-init,10,2843234,2875732,23.7938,1
N-stabu1_150,memetic_random-init_exchange_rank-comb_rank-select_rank-mut_pop_10_mut_1.000000_time_23.729900_,150,memetic,exchange,1,random-init,10,2837644,2875732,23.8124,1
N-stabu2_150,memetic_random-init_exchange_rank-comb_rank-select_rank-mut_pop_10_mut_0.000000_time_24.571050_,150,memetic,exchange,0,random-init,10,4300013,4327538,24.5858,0
N-stabu2_150,memetic_random-init_exchange_rank-comb_rank-select_rank-mut_pop_10_mut_0.100000_time_24.571050_,150,memetic,exchange,0.1,random-init,10,4305693,4327538,24.6363,0
N-stabu2_150,memetic_random-init_exchange_rank-comb_rank-select_rank-mut_pop_10_mut_0.200000_time_24.571050_,150,memetic,exchange,0.2,random-init,10,4300900,4327538,24.5775,0
N-stabu2_150,memetic_random-init_exchange_rank-comb_rank-select_rank-mut_pop_10_mut_0.300000_time_24.571050_,150,memetic,exchange,0.3,random-init,10,4304689,4327538,24.5898,0
N-stabu2_150,memetic_random-init_exchange_rank-comb_rank-select_rank-mut_pop_10_mut_0.400000_time_24.571050_,150,memetic,exchange,0.4,random-init,10,4303738,4327538,24.6332,0
N-stabu2_150,memetic_random-init_exchange_rank-comb_rank-select_rank-mut_pop_10_mut_0.500000_time_24.571050_,150,memetic,exchange,0.5,random-init,10,4304420,4327538,24.6048,0
N-stabu2_150,memetic_random-init_exchange_rank-comb_rank-select_rank-mut_pop_10_mut_0.700000_time_24.571050_,150,memetic,exchange,0.7,random-init,10,4300282,4327538,24.7408,0
N-stabu2_150,memetic_random-init_exchange_rank-comb_rank-select_rank-mut_pop_10_mut_0.900000_time_24.571050_,150,memetic,exchange,0.9,random-init,10,4307539,4327538,24.776,0
N-stabu2_150,memetic_random-init_exchange_rank-comb_rank-select_rank-mut_pop_10_mut_1.000000_time_24.571050_,150,memetic,exchange,1,random-init,10,4301574,4327538,24.7707,0
N-stabu3_150,memetic_random-init_exchange_rank-comb_rank-select_rank-mut_pop_10_mut_0.000000_time_23.978350_,150,memetic,exchange,0,random-init,10,4444876,4510445,23.9934,1
N-stabu3_150,memetic_random-init_exchange_rank-comb_rank-select_rank-mut_pop_10_mut_0.100000_time_23.978350_,150,memetic,exchange,0.1,random-init,10,4434087,4510445,23.9927,1
N-stabu3_150,memetic_random-init_exchange_rank-comb_rank-select_rank-mut_pop_10_mut_0.200000_time_23.978350_,150,memetic,exchange,0.2,random-init,10,4448914,4510445,24.0188,1
N-stabu3_150,memetic_random-init_exchange_rank-comb_rank-select_rank-mut_pop_10_mut_0.300000_time_23.978350_,150,memetic,exchange,0.3,random-init,10,4450921,4510445,24.0798,1
N-stabu3_150,memetic_random-init_exchange_rank-comb_rank-select_rank-mut_pop_10_mut_0.400000_time_23.978350_,150,memetic,exchange,0.4,random-init,10,4454184,4510445,24.0081,1
N-stabu3_150,memetic_random-init_exchange_rank-comb_rank-select_rank-mut_pop_10_mut_0.500000_time_23.978350_,150,memetic,exchange,0.5,random-init,10,4450103,4510445,24.0851,1
N-stabu3_150,memetic_random-init_exchange_rank-comb_rank-select_rank-mut_pop_10_mut_0.700000_time_23.978350_,150,memetic,exchange,0.7,random-init,10,4437305,4510445,24.1044,1
N-stabu3_150,memetic_random-init_exchange_rank-comb_rank-select_rank-mut_pop_10_mut_0.900000_time_23.978350_,150,memetic,exchange,0.9,random-init,10,4444200,4510445,24.0736,1
N-stabu3_150,memetic_random-init_exchange_rank-comb_rank-select_rank-mut_pop_10_mut_1.000000_time_23.978350_,150,memetic,exchange,1,random-init,10,4454560,4510445,24.1513,1
N-t59b11xx_150,memetic_random-init_exchange_rank-comb_rank-select_rank-mut_pop_10_mut_0.000000_time_23.187000_,150,memetic,exchange,0,random-init,10,3140395,3239550,23.1979,3
N-t59b11xx_150,memetic_random-init_exchange_rank-comb_rank-select_rank-mut_pop_10_mut_0.100000_time_23.187000_,150,memetic,exchange,0.1,random-init,10,3181825,3239550,23.2236,1
N-t59b11xx_150,memetic_random-init_exchange_rank-comb_rank-select_rank-mut_pop_10_mut_0.200000_time_23.187000_,150,memetic,exchange,0.2,random-init,10,3162610,3239550,23.2007,2
N-t59b11xx_150,memetic_random-init_exchange_rank-comb_rank-select_rank-mut_pop_10_mut_0.300000_time_23.187000_,150,memetic,exchange,0.3,random-init,10,3174750,3239550,23.276,2
N-t59b11xx_150,memetic_random-init_exchange_rank-comb_rank-select_rank-mut_pop_10_mut_0.400000_time_23.187000_,150,memetic,exchange,0.4,random-init,10,3196655,3239550,23.2785,1
N-t59b11xx_150,memetic_random-init_exchange_rank-comb_rank-select_rank-mut_pop_10_mut_0.500000_time_23.187000_,150,memetic,exchange,0.5,random-init,10,3177305,3239550,23.305,1
N-t59b11xx_150,memetic_random-init_exchange_rank-comb_rank-select_rank-mut_pop_10_mut_0.700000_time_23.187000_,150,memetic,exchange,0.7,random-init,10,3178300,3239550,23.2177,1
N-t59b11xx_150,memetic_random-init_exchange_rank-comb_rank-select_rank-mut_pop_10_mut_0.900000_time_23.187000_,150,memetic,exchange,0.9,random-init,10,3187745,3239550,23.3433,1
N-t59b11xx_150,memetic_random-init_exchange_rank-comb_rank-select_rank-mut_pop_10_mut_1.000000_time_23.187000_,150,memetic,exchange,1,random-init,10,3165050,3239550,23.2889,2
N-t59d11xx_150,memetic_random-init_exchange_rank-comb_rank-select_rank-mut_pop_10_mut_0.000000_time_24.218950_,150,memetic,exchange,0,random-init,10,1440441,1462697,24.2205,1
N-t59d11xx_150,memetic_random-init_exchange_rank-comb_rank-select_rank-mut_pop_10_mut_0.100000_time_24.218950_,150,memetic,exchange,0.1,random-init,10,1438023,1462697,24.2447,1
N-t59d11xx_150,memetic_random-init_exchange_rank-comb_rank-select_rank-mut_pop_10_mut_0.200000_time_24.218950_,150,memetic,exchange,0.2,random-init,10,1440546,1462697,24.275,1
N-t59d11xx_150,memetic_random-init_exchange_rank-comb_rank-select_rank-mut_pop_10_mut_0.300000_time_24.218950_,150,memetic,exchange,0.3,random-init,10,1435177,1462697,24.2646,1
N-t59d11xx_150,memetic_random-init_exchange_rank-comb_rank-select_rank-mut_pop_10_mut_0.400000_time_24.218950_,150,memetic,exchange,0.4,random-init,10,1439961,1462697,24.3001,1
N-t59d11xx_150,memetic_random-init_exchange_rank-comb_rank-select_rank-mut_pop_10_mut_0.500000_time_24.218950_,150,memetic,exchange,0.5,random-init,10,1439499,1462697,24.3245,1
N-t59d11xx_150,memetic_random-init_exchange_rank-comb_rank-select_rank-mut_pop_10_mut_0.700000_time_24.218950_,150,memetic,exchange,0.7,random-init,10,1445702,1462697,24.2513,1
N-t59d11xx_150,memetic_random-init_exchange_rank-comb_rank-select_rank-mut_pop_10_mut_0.900000_time_24.218950_,150,memetic,exchange,0.9,random-init,10,1444249,1462697,24.3036,1
N-t59d11xx_150,memetic_random-init_exchange_rank-comb_rank-select_rank-mut_pop_10_mut_1.000000_time_24.218950_,150,memetic,exchange,1,random-init,10,1444939,1462697,24.2747,1
N-t59f11xx_150,memetic_random-init_exchange_rank-comb_rank-select_rank-mut_pop_10_mut_0.000000_time_19.571550_,150,memetic,exchange,0,random-init,10,1508836,1543733,19.5835,2
N-t59f11xx_150,memetic_random-init_exchange_rank-comb_rank-select_rank-mut_pop_10_mut_0.100000_time_19.571550_,150,memetic,exchange,0.1,random-init,10,1520455,1543733,19.605,1
N-t59f11xx_150,memetic_random-init_exchange_rank-comb_rank-select_rank-mut_pop_10_mut_0.200000_time_19.571550_,150,memetic,exchange,0.2,random-init,10,1518188,1543733,19.6019,1
N-t59f11xx_150,memetic_random-init_exchange_rank-comb_rank-select_rank-mut_pop_10_mut_0.300000_time_19.571550_,150,memetic,exchange,0.3,random-init,10,1511018,1543733,19.5782,2
N-t59f11xx_150,memetic_random-init_exchange_rank-comb_rank-select_rank-mut_pop_10_mut_0.400000_time_19.571550_,150,memetic,exchange,0.4,random-init,10,1520060,1543733,19.7133,1
N-t59f11xx_150,memetic_random-init_exchange_rank-comb_rank-select_rank-mut_pop_10_mut_0.500000_time_19.571550_,150,memetic,exchange,0.5,random-init,10,1521694,1543733,19.6543,1
N-t59f11xx_150,memetic_random-init_exchange_rank-comb_rank-select_rank-mut_pop_10_mut_0.700000_time_19.571550_,150,memetic,exchange,0.7,random-init,10,1517829,1543733,19.608,1
N-t59f11xx_150,memetic_random-init_exchange_rank-comb_rank-select_rank-mut_pop_10_mut_0.900000_time_19.571550_,150,memetic,exchange,0.9,random-init,10,1514549,1543733,19.9108,1
N-t59f11xx_150,memetic_random-init_exchange_rank-comb_rank-select_rank-mut_pop_10_mut_1.000000_time_19.571550_,150,memetic,exchange,1,random-init,10,1518852,1543733,19.5937,1
N-t59n11xx_150,memetic_random-init_exchange_rank-comb_rank-select_rank-mut_pop_10_mut_0.000000_time_24.762300_,150,memetic,exchange,0,random-init,10,314247,318960,24.7844,1
N-t59n11xx_150,memetic_random-init_exchange_rank-comb_rank-select_rank-mut_pop_10_mut_0.100000_time_24.762300_,150,memetic,exchange,0.1,random-init,10,313724,318960,24.7749,1
N-t59n11xx_150,memetic_random-init_exchange_rank-comb_rank-select_rank-mut_pop_10_mut_0.200000_time_24.762300_,150,memetic,exchange,0.2,random-init,10,315580,318960,24.7787,1
N-t59n11xx_150,memetic_random-init_exchange_rank-comb_rank-select_rank-mut_pop_10_mut_0.300000_time_24.762300_,150,memetic,exchange,0.3,random-init,10,314394,318960,24.8635,1
N-t59n11xx_150,memetic_random-init_exchange_rank-comb_rank-select_rank-mut_pop_10_mut_0.400000_time_24.762300_,150,memetic,exchange,0.4,random-init,10,315866,318960,24.7812,0
N-t59n11xx_150,memetic_random-init_exchange_rank-comb_rank-select_rank-mut_pop_10_mut_0.500000_time_24.762300_,150,memetic,exchange,0.5,random-init,10,314446,318960,24.8706,1
N-t59n11xx_150,memetic_random-init_exchange_rank-comb_rank-select_rank-mut_pop_10_mut_0.700000_time_24.762300_,150,memetic,exchange,0.7,random-init,10,315610,318960,24.9447,1
N-t59n11xx_150,memetic_random-init_exchange_rank-comb_rank-select_rank-mut_pop_10_mut_0.900000_time_24.762300_,150,memetic,exchange,0.9,random-init,10,314727,318960,24.9613,1
N-t59n11xx_150,memetic_random-init_exchange_rank-comb_rank-select_rank-mut_pop_10_mut_1.000000_time_24.762300_,150,memetic,exchange,1,random-init,10,314856,318960,24.9508,1
N-t65b11xx_150,memetic_random-init_exchange_rank-comb_rank-select_rank-mut_pop_10_mut_0.000000_time_26.253050_,150,memetic,exchange,0,random-init,10,6316893,6453836,26.3201,2
N-t65b11xx_150,memetic_random-init_exchange_rank-comb_rank-select_rank-mut_pop_10_mut_0.100000_time_26.253050_,150,memetic,exchange,0.1,random-init,10,6365069,6453836,26.3263,1
N-t65b11xx_150,memetic_random-init_exchange_rank-comb_rank-select_rank-mut_pop_10_mut_0.200000_time_26.253050_,150,memetic,exchange,0.2,random-init,10,6334744,6453836,26.3272,1
N-t65b11xx_150,memetic_random-init_exchange_rank-comb_rank-select_rank-mut_pop_10_mut_0.300000_time_26.253050_,150,memetic,exchange,0.3,random-init,10,6348700,6453836,26.2589,1
N-t65b11xx_150,memetic_random-init_exchange_rank-comb_rank-select_rank-mut_pop_10_mut_0.400000_time_26.253050_,150,memetic,exchange,0.4,random-init,10,6347364,6453836,26.2953,1
N-t65b11xx_150,memetic_random-init_exchange_rank-comb_rank-select_rank-mut_pop_10_mut_0.500000_time_26.253050_,150,memetic,exchange,0.5,random-init,10,6363369,6453836,26.2783,1
N-t65b11xx_150,memetic_random-init_exchange_rank-comb_rank-select_rank-mut_pop_10_mut_0.700000_time_26.253050_,150,memetic,exchange,0.7,random-init,10,6370572,6453836,26.3787,1
N-t65b11xx_150,memetic_random-init_exchange_rank-comb_rank-select_rank-mut_pop_10_mut_0.900000_time_26.253050_,150,memetic,exchange,0.9,random-init,10,6357356,6453836,26.2842,1
N-t65b11xx_150,memetic_random-init_exchange_rank-comb_rank-select_rank-mut_pop_10_mut_1.000000_time_26.253050_,150,memetic,exchange,1,random-init,10,6357640,6453836,26.6311,1
N-t65d11xx_150,memetic_random-init_exchange_rank-comb_rank-select_rank-mut_pop_10_mut_0.000000_time_18.859300_,150,memetic,exchange,0,random-init,10,3478834,3559347,18.8624,2
N-t65d11xx_150,memetic_random-init_exchange_rank-comb_rank-select_rank-mut_pop_10_mut_0.100000_time_18.859300_,150,memetic,exchange,0.1,random-init,10,3497051,3559347,18.8987,1
N-t65d11xx_150,memetic_random-init_exchange_rank-comb_rank-select_rank-mut_pop_10_mut_0.200000_time_18.859300_,150,memetic,exchange,0.2,random-init,10,3489810,3559347,18.9558,1
N-t65d11xx_150,memetic_random-init_exchange_rank-comb_rank-select_rank-mut_pop_10_mut_0.300000_time_18.859300_,150,memetic,exchange,0.3,random-init,10,3492504,3559347,18.8959,1
N-t65d11xx_150,memetic_random-init_exchange_rank-comb_rank-select_rank-mut_pop_10_mut_0.400000_time_18.859300_,150,memetic,exchange,0.4,random-init,10,3494724,3559347,18.9147,1
N-t65d11xx_150,memetic_random-init_exchange_rank-comb_rank-select_rank-mut_pop_10_mut_0.500000_time_18.859300_,150,memetic,exchange,0.5,random-init,10,3497061,3559347,19.1702,1
N-t65d11xx_150,memetic_random-init_exchange_rank-comb_rank-select_rank-mut_pop_10_mut_0.700000_time_18.859300_,150,memetic,exchange,0.7,random-init,10,3494657,3559347,19.0384,1
N-t65d11xx_150,memetic_random-init_exchange_rank-comb_rank-select_rank-mut_pop_10_mut_0.900000_time_18.859300_,150,memetic,exchange,0.9,random-init,10,3506329,3559347,18.8904,1
N-t65d11xx_150,memetic_random-init_exchange_rank-comb_rank-select_rank-mut_pop_10_mut_1.000000_time_18.859300_,150,memetic,exchange,1,random-init,10,3508572,3559347,19.0764,1
N-t65f11xx_150,memetic_random-init_exchange_rank-comb_rank-select_rank-mut_pop_10_mut_0.000000_time_22.022700_,150,memetic,exchange,0,random-init,10,3101021,3159326,22.0238,1
N-t65f11xx_150,memetic_random-init_exchange_rank-comb_rank-select_rank-mut_pop_10_mut_0.100000_time_22.022700_,150,memetic,exchange,0.1,random-init,10,3095471,3159326,22.0714,2
N-t65f11xx_150,memetic_random-init_exchange_rank-comb_rank-select_rank-mut_pop_10_mut_0.200000_time_22.022700_,150,memetic,exchange,0.2,random-init,10,3111502,3159326,22.0734,1
N-t65f11xx_150,memetic_random-init_exchange_rank-comb_rank-select_rank-mut_pop_10_mut_0.300000_time_22.022700_,150,memetic,exchange,0.3,random-init,10,3100602,3159326,22.0694,1
N-t65f11xx_150,memetic_random-init_exchange_rank-comb_rank-select_rank-mut_pop_10_mut_0.400000_time_22.022700_,150,memetic,exchange,0.4,random-init,10,3105352,3159326,22.1061,1
N-t65f11xx_150,memetic_random-init_exchange_rank-comb_rank-select_rank-mut_pop_10_mut_0.500000_time_22.022700_,150,memetic,exchange,0.5,random-init,10,3108232,3159326,22.1888,1
N-t65f11xx_150,memetic_random-init_exchange_rank-comb_rank-select_rank-mut_pop_10_mut_0.700000_time_22.022700_,150,memetic,exchange,0.7,random-init,10,3112510,3159326,22.1589,1
N-t65f11xx_150,memetic_random-init_exchange_rank-comb_rank-select_rank-mut_pop_10_mut_0.900000_time_22.022700_,150,memetic,exchange,0.9,random-init,10,3102533,3159326,22.3778,1
N-t65f11xx_150,memetic_random-init_exchange_rank-comb_rank-select_rank-mut_pop_10_mut_1.000000_time_22.022700_,150,memetic,exchange,1,random-init,10,3117210,3159326,22.1256,1
N-t65l11xx_150,memetic_random-init_exchange_rank-comb_rank-select_rank-mut_pop_10_mut_0.000000_time_21.741200_,150,memetic,exchange,0,random-init,10,250313,253396,21.7529,1
N-t65l11xx_150,memetic_random-init_exchange_rank-comb_rank-select_rank-mut_pop_10_mut_0.100000_time_21.741200_,150,memetic,exchange,0.1,random-init,10,250566,253396,21.7856,1
N-t65l11xx_150,memetic_random-init_exchange_rank-comb_rank-select_rank-mut_pop_10_mut_0.200000_time_21.741200_,150,memetic,exchange,0.2,random-init,10,250954,253396,21.7908,0
N-t65l11xx_150,memetic_random-init_exchange_rank-comb_rank-select_rank-mut_pop_10_mut_0.300000_time_21.741200_,150,memetic,exchange,0.3,random-init,10,250812,253396,21.8196,1
N-t65l11xx_150,memetic_random-init_exchange_rank-comb_rank-select_rank-mut_pop_10_mut_0.400000_time_21.741200_,150,memetic,exchange,0.4,random-init,10,250916,253396,21.7815,0
N-t65l11xx_150,memetic_random-init_exchange_rank-comb_rank-select_rank-mut_pop_10_mut_0.500000_time_21.741200_,150,memetic,exchange,0.5,random-init,10,251368,253396,21.8004,0
N-t65l11xx_150,memetic_random-init_exchange_rank-comb_rank-select_rank-mut_pop_10_mut_0.700000_time_21.741200_,150,memetic,exchange,0.7,random-init,10,251009,253396,21.7879,0
N-t65l11xx_150,memetic_random-init_exchange_rank-comb_rank-select_rank-mut_pop_10_mut_0.900000_time_21.741200_,150,memetic,exchange,0.9,random-init,10,251347,253396,21.81,0
N-t65l11xx_150,memetic_random-init_exchange_rank-comb_rank-select_rank-mut_pop_10_mut_1.000000_time_21.741200_,150,memetic,exchange,1,random-init,10,251128,253396,21.8896,0
N-t65n11xx_150,memetic_random-init_exchange_rank-comb_rank-select_rank-mut_pop_10_mut_0.000000_time_21.989900_,150,memetic,exchange,0,random-init,10,540845,550733,22.0141,1
N-t65n11xx_150,memetic_random-init_exchange_rank-comb_rank-select_rank-mut_pop_10_mut_0.100000_time_21.989900_,150,memetic,exchange,0.1,random-init,10,544206,550733,22.0515,1
N-t65n11xx_150,memetic_random-init_exchange_rank-comb_rank-select_rank-mut_pop_10_mut_0.200000_time_21.989900_,150,memetic,exchange,0.2,random-init,10,541941,550733,21.9968,1
N-t65n11xx_150,memetic_random-init_exchange_rank-comb_rank-select_rank-mut_pop_10_mut_0.300000_time_21.989900_,150,memetic,exchange,0.3,random-init,10,542701,550733,22.0804,1
N-t65n11xx_150,memetic_random-init_exchange_rank-comb_rank-select_rank-mut_pop_10_mut_0.400000_time_21.989900_,150,memetic,exchange,0.4,random-init,10,543098,550733,22.0912,1
N-t65n11xx_150,memetic_random-init_exchange_rank-comb_rank-select_rank-mut_pop_10_mut_0.500000_time_21.989900_,150,memetic,exchange,0.5,random-init,10,543206,550733,22.0244,1
N-t65n11xx_150,memetic_random-init_exchange_rank-comb_rank-select_rank-mut_pop_10_mut_0.700000_time_21.989900_,150,memetic,exchange,0.7,random-init,10,542338,550733,22.1508,1
N-t65n11xx_150,memetic_random-init_exchange_rank-comb_rank-select_rank-mut_pop_10_mut_0.900000_time_21.989900_,150,memetic,exchange,0.9,random-init,10,543120,550733,22.2884,1
N-t65n11xx_150,memetic_random-init_exchange_rank-comb_rank-select_rank-mut_pop_10_mut_1.000000_time_21.989900_,150,memetic,exchange,1,random-init,10,541494,550733,22.1344,1
N-t69r11xx_150,memetic_random-init_exchange_rank-comb_rank-select_rank-mut_pop_10_mut_0.000000_time_27.578950_,150,memetic,exchange,0,random-init,10,11626442,11855957,27.5854,1
N-t69r11xx_150,memetic_random-init_exchange_rank-comb_rank-select_rank-mut_pop_10_mut_0.100000_time_27.578950_,150,memetic,exchange,0.1,random-init,10,11668186,11855957,27.6529,1
N-t69r11xx_150,memetic_random-init_exchange_rank-comb_rank-select_rank-mut_pop_10_mut_0.200000_time_27.578950_,150,memetic,exchange,0.2,random-init,10,11653188,11855957,27.6414,1
N-t69r11xx_150,memetic_random-init_exchange_rank-comb_rank-select_rank-mut_pop_10_mut_0.300000_time_27.578950_,150,memetic,exchange,0.3,random-init,10,11689469,11855957,27.6774,1
N-t69r11xx_150,memetic_random-init_exchange_rank-comb_rank-select_rank-mut_pop_10_mut_0.400000_time_27.578950_,150,memetic,exchange,0.4,random-init,10,11668110,11855957,27.6395,1
N-t69r11xx_150,memetic_random-init_exchange_rank-comb_rank-select_rank-mut_pop_10_mut_0.500000_time_27.578950_,150,memetic,exchange,0.5,random-init,10,11692752,11855957,27.886,1
N-t69r11xx_150,memetic_random-init_exchange_rank-comb_rank-select_rank-mut_pop_10_mut_0.700000_time_27.578950_,150,memetic,exchange,0.7,random-init,10,11670843,11855957,27.787,1
N-t69r11xx_150,memetic_random-init_exchange_rank-comb_rank-select_rank-mut_pop_10_mut_0.900000_time_27.578950_,150,memetic,exchange,0.9,random-init,10,11693694,11855957,27.6455,1
N-t69r11xx_150,memetic_random-init_exchange_rank-comb_rank-select_rank-mut_pop_10_mut_1.000000_time_27.578950_,150,memetic,exchange,1,random-init,10,11638169,11855957,27.7869,1
N-t70b11xx_150,memetic_random-init_exchange_rank-comb_rank-select_rank-mut_pop_10_mut_0.000000_time_26.324350_,150,memetic,exchange,0,random-init,10,9487342,9647229,26.3301,1
N-t70b11xx_150,memetic_random-init_exchange_rank-comb_rank-select_rank-mut_pop_10_mut_0.100000_time_26.324350_,150,memetic,exchange,0.1,random-init,10,9533635,9647229,26.3513,1
N-t70b11xx_150,memetic_random-init_exchange_rank-comb_rank-select_rank-mut_pop_10_mut_0.200000_time_26.324350_,150,memetic,exchange,0.2,random-init,10,9513565,9647229,26.3269,1
N-t70b11xx_150,memetic_random-init_exchange_rank-comb_rank-select_rank-mut_pop_10_mut_0.300000_time_26.324350_,150,memetic,exchange,0.3,random-init,10,9541503,9647229,26.3551,1
N-t70b11xx_150,memetic_random-init_exchange_rank-comb_rank-select_rank-mut_pop_10_mut_0.400000_time_26.324350_,150,memetic,exchange,0.4,random-init,10,9534977,9647229,26.4359,1
N-t70b11xx_150,memetic_random-init_exchange_rank-comb_rank-select_rank-mut_pop_10_mut_0.500000_time_26.324350_,150,memetic,exchange,0.5,random-init,10,9521842,9647229,26.3678,1
N-t70b11xx_150,memetic_random-init_exchange_rank-comb_rank-select_rank-mut_pop_10_mut_0.700000_time_26.324350_,150,memetic,exchange,0.7,random-init,10,9524744,9647229,26.5134,1
N-t70b11xx_150,memetic_random-init_exchange_rank-comb_rank-select_rank-mut_pop_10_mut_0.900000_time_26.324350_,150,memetic,exchange,0.9,random-init,10,9510784,9647229,26.5469,1
N-t70b11xx_150,memetic_random-init_exchange_rank-comb_rank-select_rank-mut_pop_10_mut_1.000000_time_26.324350_,150,memetic,exchange,1,random-init,10,9542160,9647229,26.4908,1
N-t70d11xn_150,memetic_random-init_exchange_rank-comb_rank-select_rank-mut_pop_10_mut_0.000000_time_21.733400_,150,memetic,exchange,0,random-init,10,5656785,5825147,21.7395,2
N-t70d11xn_150,memetic_random-init_exchange_rank-comb_rank-select_rank-mut_pop_10_mut_0.100000_time_21.733400_,150,memetic,exchange,0.1,random-init,10,5714808,5825147,21.7859,1
N-t70d11xn_150,memetic_random-init_exchange_rank-comb_rank-select_rank-mut_pop_10_mut_0.200000_time_21.733400_,150,memetic,exchange,0.2,random-init,10,5714384,5825147,21.8575,1
N-t70d11xn_150,memetic_random-init_exchange_rank-comb_rank-select_rank-mut_pop_10_mut_0.300000_time_21.733400_,150,memetic,exchange,0.3,random-init,10,5715317,5825147,21.8939,1
N-t70d11xn_150,memetic_random-init_exchange_rank-comb_rank-select_rank-mut_pop_10_mut_0.400000_time_21.733400_,150,memetic,exchange,0.4,random-init,10,5712631,5825147,21.7964,1
N-t70d11xn_150,memetic_random-init_exchange_rank-comb_rank-select_rank-mut_pop_10_mut_0.500000_time_21.733400_,150,memetic,exchange,0.5,random-init,10,5716798,5825147,21.866,1
N-t70d11xn_150,memetic_random-init_exchange_rank-comb_rank-select_rank-mut_pop_10_mut_0.700000_time_21.733400_,150,memetic,exchange,0.7,random-init,10,5722201,5825147,21.856,1
N-t70d11xn_150,memetic_random-init_exchange_rank-comb_rank-select_rank-mut_pop_10_mut_0.900000_time_21.733400_,150,memetic,exchange,0.9,random-init,10,5694694,5825147,21.8403,2
N-t70d11xn_150,memetic_random-init_exchange_rank-comb_rank-select_rank-mut_pop_10_mut_1.000000_time_21.733400_,150,memetic,exchange,1,random-init,10,5704019,5825147,21.9343,2
N-t70d11xx_150,memetic_random-init_exchange_rank-comb_rank-select_rank-mut_pop_10_mut_0.000000_time_23.146600_,150,memetic,exchange,0,random-init,10,6040365,6174178,23.1524,2
N-t70d11xx_150,memetic_random-init_exchange_rank-comb_rank-select_rank-mut_pop_10_mut_0.100000_time_23.146600_,150,memetic,exchange,0.1,random-init,10,6055459,6174178,23.1866,1
N-t70d11xx_150,memetic_random-init_exchange_rank-comb_rank-select_rank-mut_pop_10_mut_0.200000_time_23.146600_,150,memetic,exchange,0.2,random-init,10,6041820,6174178,23.1735,2
N-t70d11xx_150,memetic_random-init_exchange_rank-comb_rank-select_rank-mut_pop_10_mut_0.300000_time_23.146600_,150,memetic,exchange,0.3,random-init,10,6047749,6174178,23.1839,2
N-t70d11xx_150,memetic_random-init_exchange_rank-comb_rank-select_rank-mut_pop_10_mut_0.400000_time_23.146600_,150,memetic,exchange,0.4,random-init,10,6052036,6174178,23.1848,1
N-t70d11xx_150,memetic_random-init_exchange_rank-comb_rank-select_rank-mut_pop_10_mut_0.500000_time_23.146600_,150,memetic,exchange,0.5,random-init,10,6055307,6174178,23.2882,1
N-t70d11xx_150,memetic_random-init_exchange_rank-comb_rank-select_rank-mut_pop_10_mut_0.700000_time_23.146600_,150,memetic,exchange,0.7,random-init,10,6050777,6174178,23.1581,1
N-t70d11xx_150,memetic_random-init_exchange_rank-comb_rank-select_rank-mut_pop_10_mut_0.900000_time_23.146600_,150,memetic,exchange,0.9,random-init,10,6044243,6174178,23.1588,2
N-t70d11xx_150,memetic_random-init_exchange_rank-comb_rank-select_rank-mut_pop_10_mut_1.000000_time_23.146600_,150,memetic,exchange,1,random-init,10,6055035,6174178,23.5261,1
N-t70f11xx_150,memetic_random-init_exchange_rank-comb_rank-select_rank-mut_pop_10_mut_0.000000_time_17.651800_,150,memetic,exchange,0,random-init,10,5055016,5150097,17.6815,1
N-t70f11xx_150,memetic_random-init_exchange_rank-comb_rank-select_rank-mut_pop_10_mut_0.100000_time_17.651800_,150,memetic,exchange,0.1,random-init,10,5054439,5150097,17.6625,1
N-t70f11xx_150,memetic_random-init_exchange_rank-comb_rank-select_rank-mut_pop_10_mut_0.200000_time_17.651800_,150,memetic,exchange,0.2,random-init,10,5057763,5150097,17.6637,1
N-t70f11xx_150,memetic_random-init_exchange_rank-comb_rank-select_rank-mut_pop_10_mut_0.300000_time_17.651800_,150,memetic,exchange,0.3,random-init,10,5053830,5150097,17.6671,1
N-t70f11xx_150,memetic_random-init_exchange_rank-comb_rank-select_rank-mut_pop_10_mut_0.400000_time_17.651800_,150,memetic,exchange,0.4,random-init,10,5059200,5150097,17.765,1
N-t70f11xx_150,memetic_random-init_exchange_rank-comb_rank-select_rank-mut_pop_10_mut_0.500000_time_17.651800_,150,memetic,exchange,0.5,random-init,10,5055189,5150097,17.6598,1
N-t70f11xx_150,memetic_random-init_exchange_rank-comb_rank-select_rank-mut_pop_10_mut_0.700000_time_17.651800_,150,memetic,exchange,0.7,random-init,10,5051625,5150097,17.6813,1
N-t70f11xx_150,memetic_random-init_exchange_rank-comb_rank-select_rank-mut_pop_10_mut_0.900000_time_17.651800_,150,memetic,exchange,0.9,random-init,10,5059351,5150097,17.7496,1
N-t70f11xx_150,memetic_random-init_exchange_rank-comb_rank-select_rank-mut_pop_10_mut_1.000000_time_17.651800_,150,memetic,exchange,1,random-init,10,5055584,5150097,17.7462,1
N-t70l11xx_150,memetic_random-init_exchange_rank-comb_rank-select_rank-mut_pop_10_mut_0.000000_time_32.181300_,150,memetic,exchange,0,random-init,10,427425,436862,32.1979,2
N-t70l11xx_150,memetic_random-init_exchange_rank-comb_rank-select_rank-mut_pop_10_mut_0.100000_time_32.181300_,150,memetic,exchange,0.1,random-init,10,432448,436862,32.2475,1
N-t70l11xx_150,memetic_random-init_exchange_rank-comb_rank-select_rank-mut_pop_10_mut_0.200000_time_32.181300_,150,memetic,exchange,0.2,random-init,10,432120,436862,32.2093,1
N-t70l11xx_150,memetic_random-init_exchange_rank-comb_rank-select_rank-mut_pop_10_mut_0.300000_time_32.181300_,150,memetic,exchange,0.3,random-init,10,430238,436862,32.2217,1
N-t70l11xx_150,memetic_random-init_exchange_rank-comb_rank-select_rank-mut_pop_10_mut_0.400000_time_32.181300_,150,memetic,exchange,0.4,random-init,10,431381,436862,32.2437,1
N-t70l11xx_150,memetic_random-init_exchange_rank-comb_rank-select_rank-mut_pop_10_mut_0.500000_time_32.181300_,150,memetic,exchange,0.5,random-init,10,429995,436862,32.2159,1
N-t70l11xx_150,memetic_random-init_exchange_rank-comb_rank-select_rank-mut_pop_10_mut_0.700000_time_32.181300_,150,memetic,exchange,0.7,random-init,10,435679,436862,32.2466,0
N-t70l11xx_150,memetic_random-init_exchange_rank-comb_rank-select_rank-mut_pop_10_mut_0.900000_time_32.181300_,150,memetic,exchange,0.9,random-init,10,434485,436862,32.417,0
N-t70l11xx_150,memetic_random-init_exchange_rank-comb_rank-select_rank-mut_pop_10_mut_1.000000_time_32.181300_,150,memetic,exchange,1,random-init,10,432901,436862,32.2801,0
N-t70n11xx_150,memetic_random-init_exchange_rank-comb_rank-select_rank-mut_pop_10_mut_0.000000_time_24.375050_,150,memetic,exchange,0,random-init,10,934731,948913,24.378,1
N-t70n11xx_150,memetic_random-init_exchange_rank-comb_rank-select_rank-mut_pop_10_mut_0.100000_time_24.375050_,150,memetic,exchange,0.1,random-init,10,933917,948913,24.4303,1
N-t70n11xx_150,memetic_random-init_exchange_rank-comb_rank-select_rank-mut_pop_10_mut_0.200000_time_24.375050_,150,memetic,exchange,0.2,random-init,10,934296,948913,24.3849,1
N-t70n11xx_150,memetic_random-init_exchange_rank-comb_rank-select_rank-mut_pop_10_mut_0.300000_time_24.375050_,150,memetic,exchange,0.3,random-init,10,933113,948913,24.5631,1
N-t70n11xx_150,memetic_random-init_exchange_rank-comb_rank-select_rank-mut_pop_10_mut_0.400000_time_24.375050_,150,memetic,exchange,0.4,random-init,10,934093,948913,24.4594,1
N-t70n11xx_150,memetic_random-init_exchange_rank-comb_rank-select_rank-mut_pop_10_mut_0.500000_time_24.375050_,150,memetic,exchange,0.5,random-init,10,933657,948913,24.5053,1
N-t70n11xx_150,memetic_random-init_exchange_rank-comb_rank-select_rank-mut_pop_10_mut_0.700000_time_24.375050_,150,memetic,exchange,0.7,random-init,10,933456,948913,24.3941,1
N-t70n11xx_150,memetic_random-init_exchange_rank-comb_rank-select_rank-mut_pop_10_mut_0.900000_time_24.375050_,150,memetic,exchange,0.9,random-init,10,935639,948913,24.682,1
N-t70n11xx_150,memetic_random-init_exchange_rank-comb_rank-select_rank-mut_pop_10_mut_1.000000_time_24.375050_,150,memetic,exchange,1,random-init,10,933305,948913,24.6049,1
N-t74d11xx_150,memetic_random-init_exchange_rank-comb_rank-select_rank-mut_pop_10_mut_0.000000_time_20.889100_,150,memetic,exchange,0,random-init,10,9235375,9396044,20.9092,1
N-t74d11xx_150,memetic_random-init_exchange_rank-comb_rank-select_rank-mut_pop_10_mut_0.100000_time_20.889100_,150,memetic,exchange,0.1,random-init,10,9242104,9396044,20.9212,1
N-t74d11xx_150,memetic_random-init_exchange_rank-comb_rank-select_rank-mut_pop_10_mut_0.200000_time_20.889100_,150,memetic,exchange,0.2,random-init,10,9239725,9396044,20.9497,1
N-t74d11xx_150,memetic_random-init_exchange_rank-comb_rank-select_rank-mut_pop_10_mut_0.300000_time_20.889100_,150,memetic,exchange,0.3,random-init,10,9256363,9396044,20.9169,1
N-t74d11xx_150,memetic_random-init_exchange_rank-comb_rank-select_rank-mut_pop_10_mut_0.400000_time_20.889100_,150,memetic,exchange,0.4,random-init,10,9257936,9396044,20.9622,1
N-t74d11xx_150,memetic_random-init_exchange_rank-comb_rank-select_rank-mut_pop_10_mut_0.500000_time_20.889100_,150,memetic,exchange,0.5,random-init,10,9294689,9396044,20.9048,1
N-t74d11xx_150,memetic_random-init_exchange_rank-comb_rank-select_rank-mut_pop_10_mut_0.700000_time_20.889100_,150,memetic,exchange,0.7,random-init,10,9247950,9396044,20.9391,1
N-t74d11xx_150,memetic_random-init_exchange_rank-comb_rank-select_rank-mut_pop_10_mut_0.900000_time_20.889100_,150,memetic,exchange,0.9,random-init,10,9230243,9396044,21.1219,1
N-t74d11xx_150,memetic_random-init_exchange_rank-comb_rank-select_rank-mut_pop_10_mut_1.000000_time_20.889100_,150,memetic,exchange,1,random-init,10,9254693,9396044,21.1537,1
N-t75d11xx_150,memetic_random-init_exchange_rank-comb_rank-select_rank-mut_pop_10_mut_0.000000_time_24.323500_,150,memetic,exchange,0,random-init,10,9472578,9642140,24.3243,1
N-t75d11xx_150,memetic_random-init_exchange_rank-comb_rank-select_rank-mut_pop_10_mut_0.100000_time_24.323500_,150,memetic,exchange,0.1,random-init,10,9481111,9642140,24.3603,1
N-t75d11xx_150,memetic_random-init_exchange_rank-comb_rank-select_rank-mut_pop_10_mut_0.200000_time_24.323500_,150,memetic,exchange,0.2,random-init,10,9492618,9642140,24.3583,1
N-t75d11xx_150,memetic_random-init_exchange_rank-comb_rank-select_rank-mut_pop_10_mut_0.300000_time_24.323500_,150,memetic,exchange,0.3,random-init,10,9502438,9642140,24.3823,1
N-t75d11xx_150,memetic_random-init_exchange_rank-comb_rank-select_rank-mut_pop_10_mut_0.400000_time_24.323500_,150,memetic,exchange,0.4,random-init,10,9484888,9642140,24.4039,1
N-t75d11xx_150,memetic_random-init_exchange_rank-comb_rank-select_rank-mut_pop_10_mut_0.500000_time_24.323500_,150,memetic,exchange,0.5,random-init,10,9486231,9642140,24.3874,1
N-t75d11xx_150,memetic_random-init_exchange_rank-comb_rank-select_rank-mut_pop_10_mut_0.700000_time_24.323500_,150,memetic,exchange,0.7,random-init,10,9493833,9642140,24.3552,1
N-t75d11xx_150,memetic_random-init_exchange_rank-comb_rank-select_rank-mut_pop_10_mut_0.900000_time_24.323500_,150,memetic,exchange,0.9,random-init,10,9483185,9642140,24.371,1
N-t75d11xx_150,memetic_random-init_exchange_rank-comb_rank-select_rank-mut_pop_10_mut_1.000000_time_24.323500_,150,memetic,exchange,1,random-init,10,9498082,9642140,24.4231,1
N-t75e11xx_150,memetic_random-init_exchange_rank-comb_rank-select_rank-mut_pop_10_mut_0.000000_time_22.893450_,150,memetic,exchange,0,random-init,10,40853472,41570193,22.8965,1
N-t75e11xx_150,memetic_random-init_exchange_rank-comb_rank-select_rank-mut_pop_10_mut_0.100000_time_22.893450_,150,memetic,exchange,0.1,random-init,10,40925499,41570193,22.8959,1
N-t75e11xx_150,memetic_random-init_exchange_rank-comb_rank-select_rank-mut_pop_10_mut_0.200000_time_22.893450_,150,memetic,exchange,0.2,random-init,10,41080477,41570193,22.902,1
N-t75e11xx_150,memetic_random-init_exchange_rank-comb_rank-select_rank-mut_pop_10_mut_0.300000_time_22.893450_,150,memetic,exchange,0.3,random-init,10,41076411,41570193,22.9216,1
N-t75e11xx_150,memetic_random-init_exchange_rank-comb_rank-select_rank-mut_pop_10_mut_0.400000_time_22.893450_,150,memetic,exchange,0.4,random-init,10,41054472,41570193,46.6813,1
N-t75e11xx_150,memetic_random-init_exchange_rank-comb_rank-select_rank-mut_pop_10_mut_0.500000_time_22.893450_,150,memetic,exchange,0.5,random-init,10,41012091,41570193,22.9205,1
N-t75e11xx_150,memetic_random-init_exchange_rank-comb_rank-select_rank-mut_pop_10_mut_0.700000_time_22.893450_,150,memetic,exchange,0.7,random-init,10,41109737,41570193,23.0615,1
N-t75e11xx_150,memetic_random-init_exchange_rank-comb_rank-select_rank-mut_pop_10_mut_0.900000_time_22.893450_,150,memetic,exchange,0.9,random-init,10,40605154,41570193,734.85,2
N-t75e11xx_150,memetic_random-init_exchange_rank-comb_rank-select_rank-mut_pop_10_mut_1.000000_time_22.893450_,150,memetic,exchange,1,random-init,10,40974197,41570193,23.0181,1
N-t75k11xx_150,memetic_random-init_exchange_rank-comb_rank-select_rank-mut_pop_10_mut_0.000000_time_27.109500_,150,memetic,exchange,0,random-init,10,1529875,1541596,428.137,0
N-t75k11xx_150,memetic_random-init_exchange_rank-comb_rank-select_rank-mut_pop_10_mut_0.100000_time_27.109500_,150,memetic,exchange,0.1,random-init,10,1531939,1541596,27.1299,0
N-t75k11xx_150,memetic_random-init_exchange_rank-comb_rank-select_rank-mut_pop_10_mut_0.200000_time_27.109500_,150,memetic,exchange,0.2,random-init,10,1529853,1541596,27.1365,0
N-t75k11xx_150,memetic_random-init_exchange_rank-comb_rank-select_rank-mut_pop_10_mut_0.300000_time_27.109500_,150,memetic,exchange,0.3,random-init,10,1532827,1541596,27.2611,0
N-t75k11xx_150,memetic_random-init_exchange_rank-comb_rank-select_rank-mut_pop_10_mut_0.400000_time_27.109500_,150,memetic,exchange,0.4,random-init,10,1533408,1541596,27.11,0
N-t75k11xx_150,memetic_random-init_exchange_rank-comb_rank-select_rank-mut_pop_10_mut_0.500000_time_27.109500_,150,memetic,exchange,0.5,random-init,10,1533122,1541596,27.2743,0
N-t75k11xx_150,memetic_random-init_exchange_rank-comb_rank-select_rank-mut_pop_10_mut_0.700000_time_27.109500_,150,memetic,exchange,0.7,random-init,10,1530423,1541596,27.3403,0
N-t75k11xx_150,memetic_random-init_exchange_rank-comb_rank-select_rank-mut_pop_10_mut_0.900000_time_27.109500_,150,memetic,exchange,0.9,random-init,10,1534080,1541596,27.2871,0
N-t75k11xx_150,memetic_random-init_exchange_rank-comb_rank-select_rank-mut_pop_10_mut_1.000000_time_27.109500_,150,memetic,exchange,1,random-init,10,1534185,1541596,27.3018,0
N-t75n11xx_150,memetic_random-init_exchange_rank-comb_rank-select_rank-mut_pop_10_mut_0.000000_time_23.607150_,150,memetic,exchange,0,random-init,10,1708596,1743094,23.6196,1
N-t75n11xx_150,memetic_random-init_exchange_rank-comb_rank-select_rank-mut_pop_10_mut_0.100000_time_23.607150_,150,memetic,exchange,0.1,random-init,10,1710035,1743094,23.6111,1
N-t75n11xx_150,memetic_random-init_exchange_rank-comb_rank-select_rank-mut_pop_10_mut_0.200000_time_23.607150_,150,memetic,exchange,0.2,random-init,10,1713156,1743094,23.6386,1
N-t75n11xx_150,memetic_random-init_exchange_rank-comb_rank-select_rank-mut_pop_10_mut_0.300000_time_23.607150_,150,memetic,exchange,0.3,random-init,10,1707679,1743094,23.6828,2
N-t75n11xx_150,memetic_random-init_exchange_rank-comb_rank-select_rank-mut_pop_10_mut_0.400000_time_23.607150_,150,memetic,exchange,0.4,random-init,10,1711203,1743094,23.6456,1
N-t75n11xx_150,memetic_random-init_exchange_rank-comb_rank-select_rank-mut_pop_10_mut_0.500000_time_23.607150_,150,memetic,exchange,0.5,random-init,10,1714390,1743094,23.7771,1
N-t75n11xx_150,memetic_random-init_exchange_rank-comb_rank-select_rank-mut_pop_10_mut_0.700000_time_23.607150_,150,memetic,exchange,0.7,random-init,10,1707481,1743094,23.6583,2
N-t75n11xx_150,memetic_random-init_exchange_rank-comb_rank-select_rank-mut_pop_10_mut_0.900000_time_23.607150_,150,memetic,exchange,0.9,random-init,10,1710663,1743094,23.838,1
N-t75n11xx_150,memetic_random-init_exchange_rank-comb_rank-select_rank-mut_pop_10_mut_1.000000_time_23.607150_,150,memetic,exchange,1,random-init,10,1705250,1743094,23.6166,2
N-tiw56n54_150,memetic_random-init_exchange_rank-comb_rank-select_rank-mut_pop_10_mut_0.000000_time_21.121500_,150,memetic,exchange,0,random-init,10,823670,837945,21.1252,1
N-tiw56n54_150,memetic_random-init_exchange_rank-comb_rank-select_rank-mut_pop_10_mut_0.100000_time_21.121500_,150,memetic,exchange,0.1,random-init,10,827925,837945,21.1552,1
N-tiw56n54_150,memetic_random-init_exchange_rank-comb_rank-select_rank-mut_pop_10_mut_0.200000_time_21.121500_,150,memetic,exchange,0.2,random-init,10,826805,837945,21.1665,1
N-tiw56n54_150,memetic_random-init_exchange_rank-comb_rank-select_rank-mut_pop_10_mut_0.300000_time_21.121500_,150,memetic,exchange,0.3,random-init,10,828098,837945,21.2458,1
N-tiw56n54_150,memetic_random-init_exchange_rank-comb_rank-select_rank-mut_pop_10_mut_0.400000_time_21.121500_,150,memetic,exchange,0.4,random-init,10,831572,837945,21.1864,0
N-tiw56n54_150,memetic_random-init_exchange_rank-comb_rank-select_rank-mut_pop_10_mut_0.500000_time_21.121500_,150,memetic,exchange,0.5,random-init,10,823439,837945,21.2292,1
N-tiw56n54_150,memetic_random-init_exchange_rank-comb_rank-select_rank-mut_pop_10_mut_0.700000_time_21.121500_,150,memetic,exchange,0.7,random-init,10,824593,837945,21.3488,1
N-tiw56n54_150,memetic_random-init_exchange_rank-comb_rank-select_rank-mut_pop_10_mut_0.900000_time_21.121500_,150,memetic,exchange,0.9,random-init,10,822837,837945,21.3451,1
N-tiw56n54_150,memetic_random-init_exchange_rank-comb_rank-select_rank-mut_pop_10_mut_1.000000_time_21.121500_,150,memetic,exchange,1,random-init,10,827705,837945,21.5192,1
N-tiw56n58_150,memetic_random-init_exchange_rank-comb_rank-select_rank-mut_pop_10_mut_0.000000_time_22.818600_,150,memetic,exchange,0,random-init,10,1132490,1155392,22.8292,1
N-tiw56n58_150,memetic_random-init_exchange_rank-comb_rank-select_rank-mut_pop_10_mut_0.100000_time_22.818600_,150,memetic,exchange,0.1,random-init,10,1135539,1155392,22.8288,1
N-tiw56n58_150,memetic_random-init_exchange_rank-comb_rank-select_rank-mut_pop_10_mut_0.200000_time_22.818600_,150,memetic,exchange,0.2,random-init,10,1138199,1155392,22.8318,1
N-tiw56n58_150,memetic_random-init_exchange_rank-comb_rank-select_rank-mut_pop_10_mut_0.300000_time_22.818600_,150,memetic,exchange,0.3,random-init,10,1137719,1155392,22.8663,1
N-tiw56n58_150,memetic_random-init_exchange_rank-comb_rank-select_rank-mut_pop_10_mut_0.400000_time_22.818600_,150,memetic,exchange,0.4,random-init,10,1138506,1155392,22.8239,1
N-tiw56n58_150,memetic_random-init_exchange_rank-comb_rank-select_rank-mut_pop_10_mut_0.500000_time_22.818600_,150,memetic,exchange,0.5,random-init,10,1136968,1155392,23.0075,1
N-tiw56n58_150,memetic_random-init_exchange_rank-comb_rank-select_rank-mut_pop_10_mut_0.700000_time_22.818600_,150,memetic,exchange,0.7,random-init,10,1135634,1155392,22.8912,1
N-tiw56n58_150,memetic_random-init_exchange_rank-comb_rank-select_rank-mut_pop_10_mut_0.900000_time_22.818600_,150,memetic,exchange,0.9,random-init,10,1139969,1155392,22.8997,1
N-tiw56n58_150,memetic_random-init_exchange_rank-comb_rank-select_rank-mut_pop_10_mut_1.000000_time_22.818600_,150,memetic,exchange,1,random-init,10,1138656,1155392,23.1397,1
N-tiw56n62_150,memetic_random-init_exchange_rank-comb_rank-select_rank-mut_pop_10_mut_0.000000_time_22.412250_,150,memetic,exchange,0,random-init,10,1596424,1626921,22.4123,1
N-tiw56n62_150,memetic_random-init_exchange_rank-comb_rank-select_rank-mut_pop_10_mut_0.100000_time_22.412250_,150,memetic,exchange,0.1,random-init,10,1606563,1626921,22.4308,1
N-tiw56n62_150,memetic_random-init_exchange_rank-comb_rank-select_rank-mut_pop_10_mut_0.200000_time_22.412250_,150,memetic,exchange,0.2,random-init,10,1607771,1626921,22.4459,1
N-tiw56n62_150,memetic_random-init_exchange_rank-comb_rank-select_rank-mut_pop_10_mut_0.300000_time_22.412250_,150,memetic,exchange,0.3,random-init,10,1606286,1626921,22.4335,1
N-tiw56n62_150,memetic_random-init_exchange_rank-comb_rank-select_rank-mut_pop_10_mut_0.400000_time_22.412250_,150,memetic,exchange,0.4,random-init,10,1606765,1626921,22.4589,1
N-tiw56n62_150,memetic_random-init_exchange_rank-comb_rank-select_rank-mut_pop_10_mut_0.500000_time_22.412250_,150,memetic,exchange,0.5,random-init,10,1607633,1626921,22.4358,1
N-tiw56n62_150,memetic_random-init_exchange_rank-comb_rank-select_rank-mut_pop_10_mut_0.700000_time_22.412250_,150,memetic,exchange,0.7,random-init,10,1607987,1626921,22.5343,1
N-tiw56n62_150,memetic_random-init_exchange_rank-comb_rank-select_rank-mut_pop_10_mut_0.900000_time_22.412250_,150,memetic,exchange,0.9,random-init,10,1607760,1626921,22.62,1
N-tiw56n62_150,memetic_random-init_exchange_rank-comb_rank-select_rank-mut_pop_10_mut_1.000000_time_22.412250_,150,memetic,exchange,1,random-init,10,1606808,1626921,22.6534,1
N-tiw56n66_150,memetic_random-init_exchange_rank-comb_rank-select_rank-mut_pop_10_mut_0.000000_time_20.651550_,150,memetic,exchange,0,random-init,10,2069708,2107619,20.6534,1
N-tiw56n66_150,memetic_random-init_exchange_rank-comb_rank-select_rank-mut_pop_10_mut_0.100000_time_20.651550_,150,memetic,exchange,0.1,random-init,10,2072273,2107619,20.6914,1
N-tiw56n66_150,memetic_random-init_exchange_rank-comb_rank-select_rank-mut_pop_10_mut_0.200000_time_20.651550_,150,memetic,exchange,0.2,random-init,10,2083133,2107619,20.7941,1
N-tiw56n66_150,memetic_random-init_exchange_rank-comb_rank-select_rank-mut_pop_10_mut_0.300000_time_20.651550_,150,memetic,exchange,0.3,random-init,10,2077246,2107619,20.702,1
N-tiw56n66_150,memetic_random-init_exchange_rank-comb_rank-select_rank-mut_pop_10_mut_0.400000_time_20.651550_,150,memetic,exchange,0.4,random-init,10,2079717,2107619,20.6657,1
N-tiw56n66_150,memetic_random-init_exchange_rank-comb_rank-select_rank-mut_pop_10_mut_0.500000_time_20.651550_,150,memetic,exchange,0.5,random-init,10,2082651,2107619,20.7264,1
N-tiw56n66_150,memetic_random-init_exchange_rank-comb_rank-select_rank-mut_pop_10_mut_0.700000_time_20.651550_,150,memetic,exchange,0.7,random-init,10,2080284,2107619,20.7204,1
N-tiw56n66_150,memetic_random-init_exchange_rank-comb_rank-select_rank-mut_pop_10_mut_0.900000_time_20.651550_,150,memetic,exchange,0.9,random-init,10,2085427,2107619,20.7181,1
N-tiw56n66_150,memetic_random-init_exchange_rank-comb_rank-select_rank-mut_pop_10_mut_1.000000_time_20.651550_,150,memetic,exchange,1,random-init,10,2089772,2107619,20.7033,0
N-tiw56n67_150,memetic_random-init_exchange_rank-comb_rank-select_rank-mut_pop_10_mut_0.000000_time_23.695450_,150,memetic,exchange,0,random-init,10,2307776,2372926,904.178,2
N-tiw56n67_150,memetic_random-init_exchange_rank-comb_rank-select_rank-mut_pop_10_mut_0.100000_time_23.695450_,150,memetic,exchange,0.1,random-init,10,2335097,2372926,23.8136,1
N-tiw56n67_150,memetic_random-init_exchange_rank-comb_rank-select_rank-mut_pop_10_mut_0.200000_time_23.695450_,150,memetic,exchange,0.2,random-init,10,2340725,2372926,23.752,1
N-tiw56n67_150,memetic_random-init_exchange_rank-comb_rank-select_rank-mut_pop_10_mut_0.300000_time_23.695450_,150,memetic,exchange,0.3,random-init,10,2332821,2372926,948.687,1
N-tiw56n67_150,memetic_random-init_exchange_rank-comb_rank-select_rank-mut_pop_10_mut_0.400000_time_23.695450_,150,memetic,exchange,0.4,random-init,10,2338673,2372926,23.827,1
N-tiw56n67_150,memetic_random-init_exchange_rank-comb_rank-select_rank-mut_pop_10_mut_0.500000_time_23.695450_,150,memetic,exchange,0.5,random-init,10,2349491,2372926,23.7963,0
N-tiw56n67_150,memetic_random-init_exchange_rank-comb_rank-select_rank-mut_pop_10_mut_0.700000_time_23.695450_,150,memetic,exchange,0.7,random-init,10,2343221,2372926,316.888,1
N-tiw56n67_150,memetic_random-init_exchange_rank-comb_rank-select_rank-mut_pop_10_mut_0.900000_time_23.695450_,150,memetic,exchange,0.9,random-init,10,2342604,2372926,23.7645,1
N-tiw56n67_150,memetic_random-init_exchange_rank-comb_rank-select_rank-mut_pop_10_mut_1.000000_time_23.695450_,150,memetic,exchange,1,random-init,10,2339751,2372926,23.7561,1
N-tiw56n72_150,memetic_random-init_exchange_rank-comb_rank-select_rank-mut_pop_10_mut_0.000000_time_23.767750_,150,memetic,exchange,0,random-init,10,4051324,4135907,23.7762,2
N-tiw56n72_150,memetic_random-init_exchange_rank-comb_rank-select_rank-mut_pop_10_mut_0.100000_time_23.767750_,150,memetic,exchange,0.1,random-init,10,4066001,4135907,23.8845,1
N-tiw56n72_150,memetic_random-init_exchange_rank-comb_rank-select_rank-mut_pop_10_mut_0.200000_time_23.767750_,150,memetic,exchange,0.2,random-init,10,4069134,4135907,23.7878,1
N-tiw56n72_150,memetic_random-init_exchange_rank-comb_rank-select_rank-mut_pop_10_mut_0.300000_time_23.767750_,150,memetic,exchange,0.3,random-init,10,4062466,4135907,23.8186,1
N-tiw56n72_150,memetic_random-init_exchange_rank-comb_rank-select_rank-mut_pop_10_mut_0.400000_time_23.767750_,150,memetic,exchange,0.4,random-init,10,4067402,4135907,23.9167,1
N-tiw56n72_150,memetic_random-init_exchange_rank-comb_rank-select_rank-mut_pop_10_mut_0.500000_time_23.767750_,150,memetic,exchange,0.5,random-init,10,4087723,4135907,23.9063,1
N-tiw56n72_150,memetic_random-init_exchange_rank-comb_rank-select_rank-mut_pop_10_mut_0.700000_time_23.767750_,150,memetic,exchange,0.7,random-init,10,4068312,4135907,24.0716,1
N-tiw56n72_150,memetic_random-init_exchange_rank-comb_rank-select_rank-mut_pop_10_mut_0.900000_time_23.767750_,150,memetic,exchange,0.9,random-init,10,4063382,4135907,23.792,1
N-tiw56n72_150,memetic_random-init_exchange_rank-comb_rank-select_rank-mut_pop_10_mut_1.000000_time_23.767750_,150,memetic,exchange,1,random-init,10,4077284,4135907,23.8032,1
N-tiw56r54_150,memetic_random-init_exchange_rank-comb_rank-select_rank-mut_pop_10_mut_0.000000_time_20.455200_,150,memetic,exchange,0,random-init,10,937685,958192,20.4727,2
N-tiw56r54_150,memetic_random-init_exchange_rank-comb_rank-select_rank-mut_pop_10_mut_0.100000_time_20.455200_,150,memetic,exchange,0.1,random-init,10,943475,958192,20.4598,1
N-tiw56r54_150,memetic_random-init_exchange_rank-comb_rank-select_rank-mut_pop_10_mut_0.200000_time_20.455200_,150,memetic,exchange,0.2,random-init,10,940071,958192,20.5269,1
N-tiw56r54_150,memetic_random-init_exchange_rank-comb_rank-select_rank-mut_pop_10_mut_0.300000_time_20.455200_,150,memetic,exchange,0.3,random-init,10,940968,958192,20.4894,1
N-tiw56r54_150,memetic_random-init_exchange_rank-comb_rank-select_rank-mut_pop_10_mut_0.400000_time_20.455200_,150,memetic,exchange,0.4,random-init,10,934155,958192,29.4282,2
N-tiw56r54_150,memetic_random-init_exchange_rank-comb_rank-select_rank-mut_pop_10_mut_0.500000_time_20.455200_,150,memetic,exchange,0.5,random-init,10,941267,958192,20.496,1
N-tiw56r54_150,memetic_random-init_exchange_rank-comb_rank-select_rank-mut_pop_10_mut_0.700000_time_20.455200_,150,memetic,exchange,0.7,random-init,10,947753,958192,50.7581,1
N-tiw56r54_150,memetic_random-init_exchange_rank-comb_rank-select_rank-mut_pop_10_mut_0.900000_time_20.455200_,150,memetic,exchange,0.9,random-init,10,941423,958192,20.4834,1
N-tiw56r54_150,memetic_random-init_exchange_rank-comb_rank-select_rank-mut_pop_10_mut_1.000000_time_20.455200_,150,memetic,exchange,1,random-init,10,948973,958192,20.6278,0
N-tiw56r58_150,memetic_random-init_exchange_rank-comb_rank-select_rank-mut_pop_10_mut_0.000000_time_24.272400_,150,memetic,exchange,0,random-init,10,1201000,1219295,24.2855,1
N-tiw56r58_150,memetic_random-init_exchange_rank-comb_rank-select_rank-mut_pop_10_mut_0.100000_time_24.272400_,150,memetic,exchange,0.1,random-init,10,1209879,1219295,24.3192,0
N-tiw56r58_150,memetic_random-init_exchange_rank-comb_rank-select_rank-mut_pop_10_mut_0.200000_time_24.272400_,150,memetic,exchange,0.2,random-init,10,1205228,1219295,24.3073,1
N-tiw56r58_150,memetic_random-init_exchange_rank-comb_rank-select_rank-mut_pop_10_mut_0.300000_time_24.272400_,150,memetic,exchange,0.3,random-init,10,1201285,1219295,24.3582,1
N-tiw56r58_150,memetic_random-init_exchange_rank-comb_rank-select_rank-mut_pop_10_mut_0.400000_time_24.272400_,150,memetic,exchange,0.4,random-init,10,1204343,1219295,24.5268,1
N-tiw56r58_150,memetic_random-init_exchange_rank-comb_rank-select_rank-mut_pop_10_mut_0.500000_time_24.272400_,150,memetic,exchange,0.5,random-init,10,1202953,1219295,24.3645,1
N-tiw56r58_150,memetic_random-init_exchange_rank-comb_rank-select_rank-mut_pop_10_mut_0.700000_time_24.272400_,150,memetic,exchange,0.7,random-init,10,1206638,1219295,24.4237,1
N-tiw56r58_150,memetic_random-init_exchange_rank-comb_rank-select_rank-mut_pop_10_mut_0.900000_time_24.272400_,150,memetic,exchange,0.9,random-init,10,1205593,1219295,24.3005,1
N-tiw56r58_150,memetic_random-init_exchange_rank-comb_rank-select_rank-mut_pop_10_mut_1.000000_time_24.272400_,150,memetic,exchange,1,random-init,10,1206109,1219295,24.323,1
N-tiw56r66_150,memetic_random-init_exchange_rank-comb_rank-select_rank-mut_pop_10_mut_0.000000_time_20.044650_,150,memetic,exchange,0,random-init,10,1904848,1940755,20.049,1
N-tiw56r66_150,memetic_random-init_exchange_rank-comb_rank-select_rank-mut_pop_10_mut_0.100000_time_20.044650_,150,memetic,exchange,0.1,random-init,10,1905458,1940755,20.1089,1
N-tiw56r66_150,memetic_random-init_exchange_rank-comb_rank-select_rank-mut_pop_10_mut_0.200000_time_20.044650_,150,memetic,exchange,0.2,random-init,10,1909763,1940755,20.1635,1
N-tiw56r66_150,memetic_random-init_exchange_rank-comb_rank-select_rank-mut_pop_10_mut_0.300000_time_20.044650_,150,memetic,exchange,0.3,random-init,10,1911448,1940755,20.1159,1
N-tiw56r66_150,memetic_random-init_exchange_rank-comb_rank-select_rank-mut_pop_10_mut_0.400000_time_20.044650_,150,memetic,exchange,0.4,random-init,10,1909164,1940755,20.1759,1
N-tiw56r66_150,memetic_random-init_exchange_rank-comb_rank-select_rank-mut_pop_10_mut_0.500000_time_20.044650_,150,memetic,exchange,0.5,random-init,10,1911468,1940755,20.1924,1
N-tiw56r66_150,memetic_random-init_exchange_rank-comb_rank-select_rank-mut_pop_10_mut_0.700000_time_20.044650_,150,memetic,exchange,0.7,random-init,10,1911092,1940755,20.0872,1
N-tiw56r66_150,memetic_random-init_exchange_rank-comb_rank-select_rank-mut_pop_10_mut_0.900000_time_20.044650_,150,memetic,exchange,0.9,random-init,10,1910131,1940755,20.0569,1
N-tiw56r66_150,memetic_random-init_exchange_rank-comb_rank-select_rank-mut_pop_10_mut_1.000000_time_20.044650_,150,memetic,exchange,1,random-init,10,1915067,1940755,20.2023,1
N-tiw56r67_150,memetic_random-init_exchange_rank-comb_rank-select_rank-mut_pop_10_mut_0.000000_time_28.817300_,150,memetic,exchange,0,random-init,10,2020815,2056347,28.822,1
N-tiw56r67_150,memetic_random-init_exchange_rank-comb_rank-select_rank-mut_pop_10_mut_0.100000_time_28.817300_,150,memetic,exchange,0.1,random-init,10,2020203,2056347,28.8175,1
N-tiw56r67_150,memetic_random-init_exchange_rank-comb_rank-select_rank-mut_pop_10_mut_0.200000_time_28.817300_,150,memetic,exchange,0.2,random-init,10,2027149,2056347,28.8211,1
N-tiw56r67_150,memetic_random-init_exchange_rank-comb_rank-select_rank-mut_pop_10_mut_0.300000_time_28.817300_,150,memetic,exchange,0.3,random-init,10,2024308,2056347,28.9191,1
N-tiw56r67_150,memetic_random-init_exchange_rank-comb_rank-select_rank-mut_pop_10_mut_0.400000_time_28.817300_,150,memetic,exchange,0.4,random-init,10,2026000,2056347,28.8992,1
N-tiw56r67_150,memetic_random-init_exchange_rank-comb_rank-select_rank-mut_pop_10_mut_0.500000_time_28.817300_,150,memetic,exchange,0.5,random-init,10,2021371,2056347,28.9673,1
N-tiw56r67_150,memetic_random-init_exchange_rank-comb_rank-select_rank-mut_pop_10_mut_0.700000_time_28.817300_,150,memetic,exchange,0.7,random-init,10,2034957,2056347,28.9218,1
N-tiw56r67_150,memetic_random-init_exchange_rank-comb_rank-select_rank-mut_pop_10_mut_0.900000_time_28.817300_,150,memetic,exchange,0.9,random-init,10,2034753,2056347,29.0717,1
N-tiw56r67_150,memetic_random-init_exchange_rank-comb_rank-select_rank-mut_pop_10_mut_1.000000_time_28.817300_,150,memetic,exchange,1,random-init,10,2033978,2056347,29.0967,1
N-tiw56r72_150,memetic_random-init_exchange_rank-comb_rank-select_rank-mut_pop_10_mut_0.000000_time_22.411350_,150,memetic,exchange,0,random-init,10,2738578,2823758,22.4186,3
N-tiw56r72_150,memetic_random-init_exchange_rank-comb_rank-select_rank-mut_pop_10_mut_0.100000_time_22.411350_,150,memetic,exchange,0.1,random-init,10,2759314,2823758,22.5283,2
N-tiw56r72_150,memetic_random-init_exchange_rank-comb_rank-select_rank-mut_pop_10_mut_0.200000_time_22.411350_,150,memetic,exchange,0.2,random-init,10,2766919,2823758,22.4441,2
N-tiw56r72_150,memetic_random-init_exchange_rank-comb_rank-select_rank-mut_pop_10_mut_0.300000_time_22.411350_,150,memetic,exchange,0.3,random-init,10,2761515,2823758,22.4123,2
N-tiw56r72_150,memetic_random-init_exchange_rank-comb_rank-select_rank-mut_pop_10_mut_0.400000_time_22.411350_,150,memetic,exchange,0.4,random-init,10,2764247,2823758,22.5204,2
N-tiw56r72_150,memetic_random-init_exchange_rank-comb_rank-select_rank-mut_pop_10_mut_0.500000_time_22.411350_,150,memetic,exchange,0.5,random-init,10,2752619,2823758,22.5803,2
N-tiw56r72_150,memetic_random-init_exchange_rank-comb_rank-select_rank-mut_pop_10_mut_0.700000_time_22.411350_,150,memetic,exchange,0.7,random-init,10,2748256,2823758,22.4694,2
N-tiw56r72_150,memetic_random-init_exchange_rank-comb_rank-select_rank-mut_pop_10_mut_0.900000_time_22.411350_,150,memetic,exchange,0.9,random-init,10,2751357,2823758,22.5058,2
N-tiw56r72_150,memetic_random-init_exchange_rank-comb_rank-select_rank-mut_pop_10_mut_1.000000_time_22.411350_,150,memetic,exchange,1,random-init,10,2774096,2823758,22.6589,1
