N-be75eec_150,memetic_random-init_exchange_rank-comb_rank-select_rank-mut_pop_10_mut_0.000000_time_22.072700_,150,memetic,exchange,0,random-init,10,3436882,3482828,28.81,1
N-be75eec_150,memetic_random-init_exchange_rank-comb_rank-select_rank-mut_pop_10_mut_0.100000_time_22.072700_,150,memetic,exchange,0.1,random-init,10,3438624,3482828,28.877,1
N-be75eec_150,memetic_random-init_exchange_rank-comb_rank-select_rank-mut_pop_10_mut_0.200000_time_22.072700_,150,memetic,exchange,0.2,random-init,10,3452953,3482828,29.0389,0
N-be75eec_150,memetic_random-init_exchange_rank-comb_rank-select_rank-mut_pop_10_mut_0.300000_time_22.072700_,150,memetic,exchange,0.3,random-init,10,3446835,3482828,28.9576,1
N-be75eec_150,memetic_random-init_exchange_rank-comb_rank-select_rank-mut_pop_10_mut_0.400000_time_22.072700_,150,memetic,exchange,0.4,random-init,10,3452243,3482828,28.8952,0
N-be75eec_150,memetic_random-init_exchange_rank-comb_rank-select_rank-mut_pop_10_mut_0.500000_time_22.072700_,150,memetic,exchange,0.5,random-init,10,3439507,3482828,28.8112,1
N-be75eec_150,memetic_random-init_exchange_rank-comb_rank-select_rank-mut_pop_10_mut_0.700000_time_22.072700_,150,memetic,exchange,0.7,random-init,10,3446600,3482828,28.7957,1
N-be75eec_150,memetic_random-init_exchange_rank-comb_rank-select_rank-mut_pop_10_mut_0.900000_time_22.072700_,150,memetic,exchange,0.9,random-init,10,3450168,3482828,28.9308,0
N-be75eec_150,memetic_random-init_exchange_rank-comb_rank-select_rank-mut_pop_10_mut_1.000000_time_22.072700_,150,memetic,exchange,1,random-init,10,3435430,3482828,29.0504,1
N-be75np_150,memetic_random-init_exchange_rank-comb_rank-select_rank-mut_pop_10_mut_0.000000_time_22.846850_,150,memetic,exchange,0,random-init,10,7085016,7174325,29.7288,1
N-be75np_150,memetic_random-init_exchange_rank-comb_rank-select_rank-mut_pop_10_mut_0.100000_time_22.846850_,150,memetic,exchange,0.1,random-init,10,7098434,7174325,29.7754,1
N-be75np_150,memetic_random-init_exchange_rank-comb_rank-select_rank-mut_pop_10_mut_0.200000_time_22.846850_,150,memetic,exchange,0.2,random-init,10,7105714,7174325,29.8321,0
N-be75np_150,memetic_random-init_exchange_rank-comb_rank-select_rank-mut_pop_10_mut_0.300000_time_22.846850_,150,memetic,exchange,0.3,random-init,10,7099506,7174325,29.7421,1
N-be75np_150,memetic_random-init_exchange_rank-comb_rank-select_rank-mut_pop_10_mut_0.400000_time_22.846850_,150,memetic,exchange,0.4,random-init,10,7110459,7174325,29.9492,0
N-be75np_150,memetic_random-init_exchange_rank-comb_rank-select_rank-mut_pop_10_mut_0.500000_time_22.846850_,150,memetic,exchange,0.5,random-init,10,7093862,7174325,29.9056,1
N-be75np_150,memetic_random-init_exchange_rank-comb_rank-select_rank-mut_pop_10_mut_0.700000_time_22.846850_,150,memetic,exchange,0.7,random-init,10,7095483,7174325,29.8976,1
N-be75np_150,memetic_random-init_exchange_rank-comb_rank-select_rank-mut_pop_10_mut_0.900000_time_22.846850_,150,memetic,exchange,0.9,random-init,10,7106851,7174325,29.8486,0
N-be75np_150,memetic_random-init_exchange_rank-comb_rank-select_rank-mut_pop_10_mut_1.000000_time_22.846850_,150,memetic,exchange,1,random-init,10,7092528,7174325,29.8161,1
N-be75oi_150,memetic_random-init_exchange_rank-comb_rank-select_rank-mut_pop_10_mut_0.000000_time_31.828150_,150,memetic,exchange,0,random-init,10,2230738,2246534,37.5763,0
N-be75oi_150,memetic_random-init_exchange_rank-comb_rank-select_rank-mut_pop_10_mut_0.100000_time_31.828150_,150,memetic,exchange,0.1,random-init,10,2225981,2246534,37.5663,0
N-be75oi_150,memetic_random-init_exchange_rank-comb_rank-select_rank-mut_pop_10_mut_0.200000_time_31.828150_,150,memetic,exchange,0.2,random-init,10,2232953,2246534,37.5877,0
N-be75oi_150,memetic_random-init_exchange_rank-comb_rank-select_rank-mut_pop_10_mut_0.300000_time_31.828150_,150,memetic,exchange,0.3,random-init,10,2231504,2246534,37.5583,0
N-be75oi_150,memetic_random-init_exchange_rank-comb_rank-select_rank-mut_pop_10_mut_0.400000_time_31.828150_,150,memetic,exchange,0.4,random-init,10,2222752,2246534,37.5954,1
N-be75oi_150,memetic_random-init_exchange_rank-comb_rank-select_rank-mut_pop_10_mut_0.500000_time_31.828150_,150,memetic,exchange,0.5,random-init,10,2223020,2246534,37.7549,1
N-be75oi_150,memetic_random-init_exchange_rank-comb_rank-select_rank-mut_pop_10_mut_0.700000_time_31.828150_,150,memetic,exchange,0.7,random-init,10,2226762,2246534,37.5736,0
N-be75oi_150,memetic_random-init_exchange_rank-comb_rank-select_rank-mut_pop_10_mut_0.900000_time_31.828150_,150,memetic,exchange,0.9,random-init,10,2234897,2246534,37.6598,0
N-be75oi_150,memetic_random-init_exchange_rank-comb_rank-select_rank-mut_pop_10_mut_1.000000_time_31.828150_,150,memetic,exchange,1,random-init,10,2223656,2246534,37.9593,1
N-be75tot_150,memetic_random-init_exchange_rank-comb_rank-select_rank-mut_pop_10_mut_0.000000_time_22.396400_,150,memetic,exchange,0,random-init,10,12033103,12287707,28.2844,2
N-be75tot_150,memetic_random-init_exchange_rank-comb_rank-select_rank-mut_pop_10_mut_0.100000_time_22.396400_,150,memetic,exchange,0.1,random-init,10,12022926,12287707,28.3922,2
N-be75tot_150,memetic_random-init_exchange_rank-comb_rank-select_rank-mut_pop_10_mut_0.200000_time_22.396400_,150,memetic,exchange,0.2,random-init,10,12062050,12287707,28.4418,1
N-be75tot_150,memetic_random-init_exchange_rank-comb_rank-select_rank-mut_pop_10_mut_0.300000_time_22.396400_,150,memetic,exchange,0.3,random-init,10,12051705,12287707,28.3338,1
N-be75tot_150,memetic_random-init_exchange_rank-comb_rank-select_rank-mut_pop_10_mut_0.400000_time_22.396400_,150,memetic,exchange,0.4,random-init,10,12047294,12287707,28.3311,1
N-be75tot_150,memetic_random-init_exchange_rank-comb_rank-select_rank-mut_pop_10_mut_0.500000_time_22.396400_,150,memetic,exchange,0.5,random-init,10,12021728,12287707,28.3152,2
N-be75tot_150,memetic_random-init_exchange_rank-comb_rank-select_rank-mut_pop_10_mut_0.700000_time_22.396400_,150,memetic,exchange,0.7,random-init,10,12048597,12287707,28.3597,1
N-be75tot_150,memetic_random-init_exchange_rank-comb_rank-select_rank-mut_pop_10_mut_0.900000_time_22.396400_,150,memetic,exchange,0.9,random-init,10,12035652,12287707,28.6247,2
N-be75tot_150,memetic_random-init_exchange_rank-comb_rank-select_rank-mut_pop_10_mut_1.000000_time_22.396400_,150,memetic,exchange,1,random-init,10,12007141,12287707,28.3629,2
N-stabu1_150,memetic_random-init_exchange_rank-comb_rank-select_rank-mut_pop_10_mut_0.000000_time_23.729900_,150,memetic,exchange,0,random-init,10,2842205,2875732,30.5497,1
N-stabu1_150,memetic_random-init_exchange_rank-comb_rank-select_rank-mut_pop_10_mut_0.100000_time_23.729900_,150,memetic,exchange,0.1,random-init,10,2837812,2875732,30.4884,1
N-stabu1_150,memetic_random-init_exchange_rank-comb_rank-select_rank-mut_pop_10_mut_0.200000_time_23.729900_,150,memetic,exchange,0.2,random-init,10,2836608,2875732,30.5675,1
N-stabu1_150,memetic_random-init_exchange_rank-comb_rank-select_rank-mut_pop_10_mut_0.300000_time_23.729900_,150,memetic,exchange,0.3,random-init,10,2848714,2875732,30.5794,0
N-stabu1_150,memetic_random-init_exchange_rank-comb_rank-select_rank-mut_pop_10_mut_0.400000_time_23.729900_,150,memetic,exchange,0.4,random-init,10,2843542,2875732,30.546,1
N-stabu1_150,memetic_random-init_exchange_rank-comb_rank-select_rank-mut_pop_10_mut_0.500000_time_23.729900_,150,memetic,exchange,0.5,random-init,10,2836663,2875732,30.5926,1
N-stabu1_150,memetic_random-init_exchange_rank-comb_rank-select_rank-mut_pop_10_mut_0.700000_time_23.729900_,150,memetic,exchange,0.7,random-init,10,2846736,2875732,30.7926,1
N-stabu1_150,memetic_random-init_exchange_rank-comb_rank-select_rank-mut_pop_10_mut_0.900000_time_23.729900_,150,memetic,exchange,0.9,random-init,10,2839384,2875732,30.7624,1
N-stabu1_150,memetic_random-init_exchange_rank-comb_rank-select_rank-mut_pop_10_mut_1.000000_time_23.729900_,150,memetic,exchange,1,random-init,10,2833575,2875732,154.918,1
N-stabu2_150,memetic_random-init_exchange_rank-comb_rank-select_rank-mut_pop_10_mut_0.000000_time_24.571050_,150,memetic,exchange,0,random-init,10,4305157,4327538,32.185,0
N-stabu2_150,memetic_random-init_exchange_rank-comb_rank-select_rank-mut_pop_10_mut_0.100000_time_24.571050_,150,memetic,exchange,0.1,random-init,10,4298323,4327538,392.64,0
N-stabu2_150,memetic_random-init_exchange_rank-comb_rank-select_rank-mut_pop_10_mut_0.200000_time_24.571050_,150,memetic,exchange,0.2,random-init,10,4303997,4327538,32.2876,0
N-stabu2_150,memetic_random-init_exchange_rank-comb_rank-select_rank-mut_pop_10_mut_0.300000_time_24.571050_,150,memetic,exchange,0.3,random-init,10,4299387,4327538,599.623,0
N-stabu2_150,memetic_random-init_exchange_rank-comb_rank-select_rank-mut_pop_10_mut_0.400000_time_24.571050_,150,memetic,exchange,0.4,random-init,10,4300084,4327538,32.3491,0
N-stabu2_150,memetic_random-init_exchange_rank-comb_rank-select_rank-mut_pop_10_mut_0.500000_time_24.571050_,150,memetic,exchange,0.5,random-init,10,4300033,4327538,32.3657,0
N-stabu2_150,memetic_random-init_exchange_rank-comb_rank-select_rank-mut_pop_10_mut_0.700000_time_24.571050_,150,memetic,exchange,0.7,random-init,10,4305403,4327538,32.1671,0
N-stabu2_150,memetic_random-init_exchange_rank-comb_rank-select_rank-mut_pop_10_mut_0.900000_time_24.571050_,150,memetic,exchange,0.9,random-init,10,4304827,4327538,32.527,0
N-stabu2_150,memetic_random-init_exchange_rank-comb_rank-select_rank-mut_pop_10_mut_1.000000_time_24.571050_,150,memetic,exchange,1,random-init,10,4305960,4327538,32.3053,0
N-stabu3_150,memetic_random-init_exchange_rank-comb_rank-select_rank-mut_pop_10_mut_0.000000_time_23.978350_,150,memetic,exchange,0,random-init,10,4458135,4510445,30.3524,1
N-stabu3_150,memetic_random-init_exchange_rank-comb_rank-select_rank-mut_pop_10_mut_0.100000_time_23.978350_,150,memetic,exchange,0.1,random-init,10,4436907,4510445,30.3672,1
N-stabu3_150,memetic_random-init_exchange_rank-comb_rank-select_rank-mut_pop_10_mut_0.200000_time_23.978350_,150,memetic,exchange,0.2,random-init,10,4444330,4510445,30.4942,1
N-stabu3_150,memetic_random-init_exchange_rank-comb_rank-select_rank-mut_pop_10_mut_0.300000_time_23.978350_,150,memetic,exchange,0.3,random-init,10,4449945,4510445,30.3639,1
N-stabu3_150,memetic_random-init_exchange_rank-comb_rank-select_rank-mut_pop_10_mut_0.400000_time_23.978350_,150,memetic,exchange,0.4,random-init,10,4448284,4510445,30.4325,1
N-stabu3_150,memetic_random-init_exchange_rank-comb_rank-select_rank-mut_pop_10_mut_0.500000_time_23.978350_,150,memetic,exchange,0.5,random-init,10,4445355,4510445,30.4144,1
N-stabu3_150,memetic_random-init_exchange_rank-comb_rank-select_rank-mut_pop_10_mut_0.700000_time_23.978350_,150,memetic,exchange,0.7,random-init,10,4454848,4510445,30.4119,1
N-stabu3_150,memetic_random-init_exchange_rank-comb_rank-select_rank-mut_pop_10_mut_0.900000_time_23.978350_,150,memetic,exchange,0.9,random-init,10,4463134,4510445,30.4658,1
N-stabu3_150,memetic_random-init_exchange_rank-comb_rank-select_rank-mut_pop_10_mut_1.000000_time_23.978350_,150,memetic,exchange,1,random-init,10,4461834,4510445,30.4071,1
N-t59b11xx_150,memetic_random-init_exchange_rank-comb_rank-select_rank-mut_pop_10_mut_0.000000_time_23.187000_,150,memetic,exchange,0,random-init,10,3150375,3239550,28.0953,2
N-t59b11xx_150,memetic_random-init_exchange_rank-comb_rank-select_rank-mut_pop_10_mut_0.100000_time_23.187000_,150,memetic,exchange,0.1,random-init,10,3189370,3239550,28.0962,1
N-t59b11xx_150,memetic_random-init_exchange_rank-comb_rank-select_rank-mut_pop_10_mut_0.200000_time_23.187000_,150,memetic,exchange,0.2,random-init,10,3190225,3239550,28.1077,1
N-t59b11xx_150,memetic_random-init_exchange_rank-comb_rank-select_rank-mut_pop_10_mut_0.300000_time_23.187000_,150,memetic,exchange,0.3,random-init,10,3178010,3239550,28.2023,1
N-t59b11xx_150,memetic_random-init_exchange_rank-comb_rank-select_rank-mut_pop_10_mut_0.400000_time_23.187000_,150,memetic,exchange,0.4,random-init,10,3174320,3239550,28.1925,2
N-t59b11xx_150,memetic_random-init_exchange_rank-comb_rank-select_rank-mut_pop_10_mut_0.500000_time_23.187000_,150,memetic,exchange,0.5,random-init,10,3163855,3239550,28.3226,2
N-t59b11xx_150,memetic_random-init_exchange_rank-comb_rank-select_rank-mut_pop_10_mut_0.700000_time_23.187000_,150,memetic,exchange,0.7,random-init,10,3180915,3239550,28.3285,1
N-t59b11xx_150,memetic_random-init_exchange_rank-comb_rank-select_rank-mut_pop_10_mut_0.900000_time_23.187000_,150,memetic,exchange,0.9,random-init,10,3193895,3239550,28.1672,1
N-t59b11xx_150,memetic_random-init_exchange_rank-comb_rank-select_rank-mut_pop_10_mut_1.000000_time_23.187000_,150,memetic,exchange,1,random-init,10,3180370,3239550,28.1522,1
N-t59d11xx_150,memetic_random-init_exchange_rank-comb_rank-select_rank-mut_pop_10_mut_0.000000_time_24.218950_,150,memetic,exchange,0,random-init,10,1436066,1462697,29.0255,1
N-t59d11xx_150,memetic_random-init_exchange_rank-comb_rank-select_rank-mut_pop_10_mut_0.100000_time_24.218950_,150,memetic,exchange,0.1,random-init,10,1442202,1462697,29.0161,1
N-t59d11xx_150,memetic_random-init_exchange_rank-comb_rank-select_rank-mut_pop_10_mut_0.200000_time_24.218950_,150,memetic,exchange,0.2,random-init,10,1438623,1462697,29.1155,1
N-t59d11xx_150,memetic_random-init_exchange_rank-comb_rank-select_rank-mut_pop_10_mut_0.300000_time_24.218950_,150,memetic,exchange,0.3,random-init,10,1440828,1462697,29.0513,1
N-t59d11xx_150,memetic_random-init_exchange_rank-comb_rank-select_rank-mut_pop_10_mut_0.400000_time_24.218950_,150,memetic,exchange,0.4,random-init,10,1440135,1462697,29.0751,1
N-t59d11xx_150,memetic_random-init_exchange_rank-comb_rank-select_rank-mut_pop_10_mut_0.500000_time_24.218950_,150,memetic,exchange,0.5,random-init,10,1440278,1462697,29.1629,1
N-t59d11xx_150,memetic_random-init_exchange_rank-comb_rank-select_rank-mut_pop_10_mut_0.700000_time_24.218950_,150,memetic,exchange,0.7,random-init,10,1437555,1462697,29.1986,1
N-t59d11xx_150,memetic_random-init_exchange_rank-comb_rank-select_rank-mut_pop_10_mut_0.900000_time_24.218950_,150,memetic,exchange,0.9,random-init,10,1441620,1462697,29.1558,1
N-t59d11xx_150,memetic_random-init_exchange_rank-comb_rank-select_rank-mut_pop_10_mut_1.000000_time_24.218950_,150,memetic,exchange,1,random-init,10,1441629,1462697,29.197,1
N-t59f11xx_150,memetic_random-init_exchange_rank-comb_rank-select_rank-mut_pop_10_mut_0.000000_time_19.571550_,150,memetic,exchange,0,random-init,10,1513491,1543733,24.599,1
N-t59f11xx_150,memetic_random-init_exchange_rank-comb_rank-select_rank-mut_pop_10_mut_0.100000_time_19.571550_,150,memetic,exchange,0.1,random-init,10,1519384,1543733,24.5904,1
N-t59f11xx_150,memetic_random-init_exchange_rank-comb_rank-select_rank-mut_pop_10_mut_0.200000_time_19.571550_,150,memetic,exchange,0.2,random-init,10,1514448,1543733,24.5766,1
N-t59f11xx_150,memetic_random-init_exchange_rank-comb_rank-select_rank-mut_pop_10_mut_0.300000_time_19.571550_,150,memetic,exchange,0.3,random-init,10,1520760,1543733,24.6373,1
N-t59f11xx_150,memetic_random-init_exchange_rank-comb_rank-select_rank-mut_pop_10_mut_0.400000_time_19.571550_,150,memetic,exchange,0.4,random-init,10,1519903,1543733,24.6009,1
N-t59f11xx_150,memetic_random-init_exchange_rank-comb_rank-select_rank-mut_pop_10_mut_0.500000_time_19.571550_,150,memetic,exchange,0.5,random-init,10,1521666,1543733,24.731,1
N-t59f11xx_150,memetic_random-init_exchange_rank-comb_rank-select_rank-mut_pop_10_mut_0.700000_time_19.571550_,150,memetic,exchange,0.7,random-init,10,1520409,1543733,24.8323,1
N-t59f11xx_150,memetic_random-init_exchange_rank-comb_rank-select_rank-mut_pop_10_mut_0.900000_time_19.571550_,150,memetic,exchange,0.9,random-init,10,1518293,1543733,24.617,1
N-t59f11xx_150,memetic_random-init_exchange_rank-comb_rank-select_rank-mut_pop_10_mut_1.000000_time_19.571550_,150,memetic,exchange,1,random-init,10,1517184,1543733,24.7517,1
N-t59n11xx_150,memetic_random-init_exchange_rank-comb_rank-select_rank-mut_pop_10_mut_0.000000_time_24.762300_,150,memetic,exchange,0,random-init,10,314019,318960,30.5033,1
N-t59n11xx_150,memetic_random-init_exchange_rank-comb_rank-select_rank-mut_pop_10_mut_0.100000_time_24.762300_,150,memetic,exchange,0.1,random-init,10,313903,318960,30.5446,1
N-t59n11xx_150,memetic_random-init_exchange_rank-comb_rank-select_rank-mut_pop_10_mut_0.200000_time_24.762300_,150,memetic,exchange,0.2,random-init,10,315495,318960,30.5514,1
N-t59n11xx_150,memetic_random-init_exchange_rank-comb_rank-select_rank-mut_pop_10_mut_0.300000_time_24.762300_,150,memetic,exchange,0.3,random-init,10,315367,318960,30.5259,1
N-t59n11xx_150,memetic_random-init_exchange_rank-comb_rank-select_rank-mut_pop_10_mut_0.400000_time_24.762300_,150,memetic,exchange,0.4,random-init,10,314553,318960,30.6271,1
N-t59n11xx_150,memetic_random-init_exchange_rank-comb_rank-select_rank-mut_pop_10_mut_0.500000_time_24.762300_,150,memetic,exchange,0.5,random-init,10,315484,318960,30.715,1
N-t59n11xx_150,memetic_random-init_exchange_rank-comb_rank-select_rank-mut_pop_10_mut_0.700000_time_24.762300_,150,memetic,exchange,0.7,random-init,10,315650,318960,30.6076,1
N-t59n11xx_150,memetic_random-init_exchange_rank-comb_rank-select_rank-mut_pop_10_mut_0.900000_time_24.762300_,150,memetic,exchange,0.9,random-init,10,314509,318960,30.6175,1
N-t59n11xx_150,memetic_random-init_exchange_rank-comb_rank-select_rank-mut_pop_10_mut_1.000000_time_24.762300_,150,memetic,exchange,1,random-init,10,316268,318960,30.8452,0
N-t65b11xx_150,memetic_random-init_exchange_rank-comb_rank-select_rank-mut_pop_10_mut_0.000000_time_26.253050_,150,memetic,exchange,0,random-init,10,6316673,6453836,32.9593,2
N-t65b11xx_150,memetic_random-init_exchange_rank-comb_rank-select_rank-mut_pop_10_mut_0.100000_time_26.253050_,150,memetic,exchange,0.1,random-init,10,6370366,6453836,32.883,1
N-t65b11xx_150,memetic_random-init_exchange_rank-comb_rank-select_rank-mut_pop_10_mut_0.200000_time_26.253050_,150,memetic,exchange,0.2,random-init,10,6368209,6453836,32.9731,1
N-t65b11xx_150,memetic_random-init_exchange_rank-comb_rank-select_rank-mut_pop_10_mut_0.300000_time_26.253050_,150,memetic,exchange,0.3,random-init,10,6360449,6453836,32.9245,1
N-t65b11xx_150,memetic_random-init_exchange_rank-comb_rank-select_rank-mut_pop_10_mut_0.400000_time_26.253050_,150,memetic,exchange,0.4,random-init,10,6372443,6453836,32.9754,1
N-t65b11xx_150,memetic_random-init_exchange_rank-comb_rank-select_rank-mut_pop_10_mut_0.500000_time_26.253050_,150,memetic,exchange,0.5,random-init,10,6366013,6453836,33.1468,1
N-t65b11xx_150,memetic_random-init_exchange_rank-comb_rank-select_rank-mut_pop_10_mut_0.700000_time_26.253050_,150,memetic,exchange,0.7,random-init,10,6387419,6453836,32.9412,1
N-t65b11xx_150,memetic_random-init_exchange_rank-comb_rank-select_rank-mut_pop_10_mut_0.900000_time_26.253050_,150,memetic,exchange,0.9,random-init,10,6383176,6453836,32.9127,1
N-t65b11xx_150,memetic_random-init_exchange_rank-comb_rank-select_rank-mut_pop_10_mut_1.000000_time_26.253050_,150,memetic,exchange,1,random-init,10,6342108,6453836,32.96,1
N-t65d11xx_150,memetic_random-init_exchange_rank-comb_rank-select_rank-mut_pop_10_mut_0.000000_time_18.859300_,150,memetic,exchange,0,random-init,10,3490850,3559347,25.4112,1
N-t65d11xx_150,memetic_random-init_exchange_rank-comb_rank-select_rank-mut_pop_10_mut_0.100000_time_18.859300_,150,memetic,exchange,0.1,random-init,10,3494093,3559347,25.4421,1
N-t65d11xx_150,memetic_random-init_exchange_rank-comb_rank-select_rank-mut_pop_10_mut_0.200000_time_18.859300_,150,memetic,exchange,0.2,random-init,10,3492438,3559347,25.4633,1
N-t65d11xx_150,memetic_random-init_exchange_rank-comb_rank-select_rank-mut_pop_10_mut_0.300000_time_18.859300_,150,memetic,exchange,0.3,random-init,10,3513191,3559347,25.4444,1
N-t65d11xx_150,memetic_random-init_exchange_rank-comb_rank-select_rank-mut_pop_10_mut_0.400000_time_18.859300_,150,memetic,exchange,0.4,random-init,10,3491291,3559347,25.5241,1
N-t65d11xx_150,memetic_random-init_exchange_rank-comb_rank-select_rank-mut_pop_10_mut_0.500000_time_18.859300_,150,memetic,exchange,0.5,random-init,10,3484510,3559347,25.4838,2
N-t65d11xx_150,memetic_random-init_exchange_rank-comb_rank-select_rank-mut_pop_10_mut_0.700000_time_18.859300_,150,memetic,exchange,0.7,random-init,10,3497355,3559347,25.48,1
N-t65d11xx_150,memetic_random-init_exchange_rank-comb_rank-select_rank-mut_pop_10_mut_0.900000_time_18.859300_,150,memetic,exchange,0.9,random-init,10,3498346,3559347,25.6632,1
N-t65d11xx_150,memetic_random-init_exchange_rank-comb_rank-select_rank-mut_pop_10_mut_1.000000_time_18.859300_,150,memetic,exchange,1,random-init,10,3507605,3559347,25.607,1
N-t65f11xx_150,memetic_random-init_exchange_rank-comb_rank-select_rank-mut_pop_10_mut_0.000000_time_22.022700_,150,memetic,exchange,0,random-init,10,3100107,3159326,28.6831,1
N-t65f11xx_150,memetic_random-init_exchange_rank-comb_rank-select_rank-mut_pop_10_mut_0.100000_time_22.022700_,150,memetic,exchange,0.1,random-init,10,3096523,3159326,28.6742,1
N-t65f11xx_150,memetic_random-init_exchange_rank-comb_rank-select_rank-mut_pop_10_mut_0.200000_time_22.022700_,150,memetic,exchange,0.2,random-init,10,3115352,3159326,28.7457,1
N-t65f11xx_150,memetic_random-init_exchange_rank-comb_rank-select_rank-mut_pop_10_mut_0.300000_time_22.022700_,150,memetic,exchange,0.3,random-init,10,3109890,3159326,28.7581,1
N-t65f11xx_150,memetic_random-init_exchange_rank-comb_rank-select_rank-mut_pop_10_mut_0.400000_time_22.022700_,150,memetic,exchange,0.4,random-init,10,3103992,3159326,28.6998,1
N-t65f11xx_150,memetic_random-init_exchange_rank-comb_rank-select_rank-mut_pop_10_mut_0.500000_time_22.022700_,150,memetic,exchange,0.5,random-init,10,3101876,3159326,28.7221,1
N-t65f11xx_150,memetic_random-init_exchange_rank-comb_rank-select_rank-mut_pop_10_mut_0.700000_time_22.022700_,150,memetic,exchange,0.7,random-init,10,3116001,3159326,28.8693,1
N-t65f11xx_150,memetic_random-init_exchange_rank-comb_rank-select_rank-mut_pop_10_mut_0.900000_time_22.022700_,150,memetic,exchange,0.9,random-init,10,3125994,3159326,28.6894,1
N-t65f11xx_150,memetic_random-init_exchange_rank-comb_rank-select_rank-mut_pop_10_mut_1.000000_time_22.022700_,150,memetic,exchange,1,random-init,10,3113130,3159326,28.7166,1
N-t65l11xx_150,memetic_random-init_exchange_rank-comb_rank-select_rank-mut_pop_10_mut_0.000000_time_21.741200_,150,memetic,exchange,0,random-init,10,250449,253396,26.4931,1
N-t65l11xx_150,memetic_random-init_exchange_rank-comb_rank-select_rank-mut_pop_10_mut_0.100000_time_21.741200_,150,memetic,exchange,0.1,random-init,10,251184,253396,26.451,0
N-t65l11xx_150,memetic_random-init_exchange_rank-comb_rank-select_rank-mut_pop_10_mut_0.200000_time_21.741200_,150,memetic,exchange,0.2,random-init,10,251396,253396,26.4921,0
N-t65l11xx_150,memetic_random-init_exchange_rank-comb_rank-select_rank-mut_pop_10_mut_0.300000_time_21.741200_,150,memetic,exchange,0.3,random-init,10,251300,253396,26.5398,0
N-t65l11xx_150,memetic_random-init_exchange_rank-comb_rank-select_rank-mut_pop_10_mut_0.400000_time_21.741200_,150,memetic,exchange,0.4,random-init,10,250845,253396,26.5716,1
N-t65l11xx_150,memetic_random-init_exchange_rank-comb_rank-select_rank-mut_pop_10_mut_0.500000_time_21.741200_,150,memetic,exchange,0.5,random-init,10,251351,253396,26.5357,0
N-t65l11xx_150,memetic_random-init_exchange_rank-comb_rank-select_rank-mut_pop_10_mut_0.700000_time_21.741200_,150,memetic,exchange,0.7,random-init,10,250437,253396,26.584,1
N-t65l11xx_150,memetic_random-init_exchange_rank-comb_rank-select_rank-mut_pop_10_mut_0.900000_time_21.741200_,150,memetic,exchange,0.9,random-init,10,251219,253396,26.537,0
N-t65l11xx_150,memetic_random-init_exchange_rank-comb_rank-select_rank-mut_pop_10_mut_1.000000_time_21.741200_,150,memetic,exchange,1,random-init,10,251435,253396,26.459,0
N-t65n11xx_150,memetic_random-init_exchange_rank-comb_rank-select_rank-mut_pop_10_mut_0.000000_time_21.989900_,150,memetic,exchange,0,random-init,10,542645,550733,27.6652,1
N-t65n11xx_150,memetic_random-init_exchange_rank-comb_rank-select_rank-mut_pop_10_mut_0.100000_time_21.989900_,150,memetic,exchange,0.1,random-init,10,543659,550733,27.6862,1
N-t65n11xx_150,memetic_random-init_exchange_rank-comb_rank-select_rank-mut_pop_10_mut_0.200000_time_21.989900_,150,memetic,exchange,0.2,random-init,10,544561,550733,27.7525,1
N-t65n11xx_150,memetic_random-init_exchange_rank-comb_rank-select_rank-mut_pop_10_mut_0.300000_time_21.989900_,150,memetic,exchange,0.3,random-init,10,543628,550733,27.7885,1
N-t65n11xx_150,memetic_random-init_exchange_rank-comb_rank-select_rank-mut_pop_10_mut_0.400000_time_21.989900_,150,memetic,exchange,0.4,random-init,10,543746,550733,27.6983,1
N-t65n11xx_150,memetic_random-init_exchange_rank-comb_rank-select_rank-mut_pop_10_mut_0.500000_time_21.989900_,150,memetic,exchange,0.5,random-init,10,542223,550733,27.7351,1
N-t65n11xx_150,memetic_random-init_exchange_rank-comb_rank-select_rank-mut_pop_10_mut_0.700000_time_21.989900_,150,memetic,exchange,0.7,random-init,10,543229,550733,27.9533,1
N-t65n11xx_150,memetic_random-init_exchange_rank-comb_rank-select_rank-mut_pop_10_mut_0.900000_time_21.989900_,150,memetic,exchange,0.9,random-init,10,544465,550733,27.7985,1
N-t65n11xx_150,memetic_random-init_exchange_rank-comb_rank-select_rank-mut_pop_10_mut_1.000000_time_21.989900_,150,memetic,exchange,1,random-init,10,542454,550733,27.8946,1
N-t69r11xx_150,memetic_random-init_exchange_rank-comb_rank-select_rank-mut_pop_10_mut_0.000000_time_27.578950_,150,memetic,exchange,0,random-init,10,11612969,11855957,32.6188,2
N-t69r11xx_150,memetic_random-init_exchange_rank-comb_rank-select_rank-mut_pop_10_mut_0.100000_time_27.578950_,150,memetic,exchange,0.1,random-init,10,11689405,11855957,32.6459,1
N-t69r11xx_150,memetic_random-init_exchange_rank-comb_rank-select_rank-mut_pop_10_mut_0.200000_time_27.578950_,150,memetic,exchange,0.2,random-init,10,11712085,11855957,32.6472,1
N-t69r11xx_150,memetic_random-init_exchange_rank-comb_rank-select_rank-mut_pop_10_mut_0.300000_time_27.578950_,150,memetic,exchange,0.3,random-init,10,11649837,11855957,32.7061,1
N-t69r11xx_150,memetic_random-init_exchange_rank-comb_rank-select_rank-mut_pop_10_mut_0.400000_time_27.578950_,150,memetic,exchange,0.4,random-init,10,11697406,11855957,32.6856,1
N-t69r11xx_150,memetic_random-init_exchange_rank-comb_rank-select_rank-mut_pop_10_mut_0.500000_time_27.578950_,150,memetic,exchange,0.5,random-init,10,11639126,11855957,32.7808,1
N-t69r11xx_150,memetic_random-init_exchange_rank-comb_rank-select_rank-mut_pop_10_mut_0.700000_time_27.578950_,150,memetic,exchange,0.7,random-init,10,11718354,11855957,32.649,1
N-t69r11xx_150,memetic_random-init_exchange_rank-comb_rank-select_rank-mut_pop_10_mut_0.900000_time_27.578950_,150,memetic,exchange,0.9,random-init,10,11640141,11855957,32.7766,1
N-t69r11xx_150,memetic_random-init_exchange_rank-comb_rank-select_rank-mut_pop_10_mut_1.000000_time_27.578950_,150,memetic,exchange,1,random-init,10,11675348,11855957,32.8359,1
N-t70b11xx_150,memetic_random-init_exchange_rank-comb_rank-select_rank-mut_pop_10_mut_0.000000_time_26.324350_,150,memetic,exchange,0,random-init,10,9496141,9647229,32.5982,1
N-t70b11xx_150,memetic_random-init_exchange_rank-comb_rank-select_rank-mut_pop_10_mut_0.100000_time_26.324350_,150,memetic,exchange,0.1,random-init,10,9524049,9647229,32.618,1
N-t70b11xx_150,memetic_random-init_exchange_rank-comb_rank-select_rank-mut_pop_10_mut_0.200000_time_26.324350_,150,memetic,exchange,0.2,random-init,10,9517877,9647229,32.7359,1
N-t70b11xx_150,memetic_random-init_exchange_rank-comb_rank-select_rank-mut_pop_10_mut_0.300000_time_26.324350_,150,memetic,exchange,0.3,random-init,10,9528834,9647229,32.6454,1
N-t70b11xx_150,memetic_random-init_exchange_rank-comb_rank-select_rank-mut_pop_10_mut_0.400000_time_26.324350_,150,memetic,exchange,0.4,random-init,10,9492810,9647229,32.8649,1
N-t70b11xx_150,memetic_random-init_exchange_rank-comb_rank-select_rank-mut_pop_10_mut_0.500000_time_26.324350_,150,memetic,exchange,0.5,random-init,10,9522085,9647229,32.8238,1
N-t70b11xx_150,memetic_random-init_exchange_rank-comb_rank-select_rank-mut_pop_10_mut_0.700000_time_26.324350_,150,memetic,exchange,0.7,random-init,10,9546115,9647229,32.7655,1
N-t70b11xx_150,memetic_random-init_exchange_rank-comb_rank-select_rank-mut_pop_10_mut_0.900000_time_26.324350_,150,memetic,exchange,0.9,random-init,10,9521367,9647229,32.686,1
N-t70b11xx_150,memetic_random-init_exchange_rank-comb_rank-select_rank-mut_pop_10_mut_1.000000_time_26.324350_,150,memetic,exchange,1,random-init,10,9508183,9647229,32.9235,1
N-t70d11xn_150,memetic_random-init_exchange_rank-comb_rank-select_rank-mut_pop_10_mut_0.000000_time_21.733400_,150,memetic,exchange,0,random-init,10,5672178,5825147,28.6185,2
N-t70d11xn_150,memetic_random-init_exchange_rank-comb_rank-select_rank-mut_pop_10_mut_0.100000_time_21.733400_,150,memetic,exchange,0.1,random-init,10,5715545,5825147,28.6665,1
N-t70d11xn_150,memetic_random-init_exchange_rank-comb_rank-select_rank-mut_pop_10_mut_0.200000_time_21.733400_,150,memetic,exchange,0.2,random-init,10,5708200,5825147,28.7254,2
N-t70d11xn_150,memetic_random-init_exchange_rank-comb_rank-select_rank-mut_pop_10_mut_0.300000_time_21.733400_,150,memetic,exchange,0.3,random-init,10,5747695,5825147,28.7212,1
N-t70d11xn_150,memetic_random-init_exchange_rank-comb_rank-select_rank-mut_pop_10_mut_0.400000_time_21.733400_,150,memetic,exchange,0.4,random-init,10,5687934,5825147,28.6742,2
N-t70d11xn_150,memetic_random-init_exchange_rank-comb_rank-select_rank-mut_pop_10_mut_0.500000_time_21.733400_,150,memetic,exchange,0.5,random-init,10,5708977,5825147,28.8874,1
N-t70d11xn_150,memetic_random-init_exchange_rank-comb_rank-select_rank-mut_pop_10_mut_0.700000_time_21.733400_,150,memetic,exchange,0.7,random-init,10,5730300,5825147,28.9256,1
N-t70d11xn_150,memetic_random-init_exchange_rank-comb_rank-select_rank-mut_pop_10_mut_0.900000_time_21.733400_,150,memetic,exchange,0.9,random-init,10,5695314,5825147,29.0807,2
N-t70d11xn_150,memetic_random-init_exchange_rank-comb_rank-select_rank-mut_pop_10_mut_1.000000_time_21.733400_,150,memetic,exchange,1,random-init,10,5716751,5825147,28.7528,1
N-t70d11xx_150,memetic_random-init_exchange_rank-comb_rank-select_rank-mut_pop_10_mut_0.000000_time_23.146600_,150,memetic,exchange,0,random-init,10,6043563,6174178,29.9208,2
N-t70d11xx_150,memetic_random-init_exchange_rank-comb_rank-select_rank-mut_pop_10_mut_0.100000_time_23.146600_,150,memetic,exchange,0.1,random-init,10,6053014,6174178,30.0072,1
N-t70d11xx_150,memetic_random-init_exchange_rank-comb_rank-select_rank-mut_pop_10_mut_0.200000_time_23.146600_,150,memetic,exchange,0.2,random-init,10,6041371,6174178,31.0554,2
N-t70d11xx_150,memetic_random-init_exchange_rank-comb_rank-select_rank-mut_pop_10_mut_0.300000_time_23.146600_,150,memetic,exchange,0.3,random-init,10,6053586,6174178,30.0049,1
N-t70d11xx_150,memetic_random-init_exchange_rank-comb_rank-select_rank-mut_pop_10_mut_0.400000_time_23.146600_,150,memetic,exchange,0.4,random-init,10,6055854,6174178,30.0408,1
N-t70d11xx_150,memetic_random-init_exchange_rank-comb_rank-select_rank-mut_pop_10_mut_0.500000_time_23.146600_,150,memetic,exchange,0.5,random-init,10,6055316,6174178,30.0834,1
N-t70d11xx_150,memetic_random-init_exchange_rank-comb_rank-select_rank-mut_pop_10_mut_0.700000_time_23.146600_,150,memetic,exchange,0.7,random-init,10,6055582,6174178,30.1623,1
N-t70d11xx_150,memetic_random-init_exchange_rank-comb_rank-select_rank-mut_pop_10_mut_0.900000_time_23.146600_,150,memetic,exchange,0.9,random-init,10,6040539,6174178,30.1102,2
N-t70d11xx_150,memetic_random-init_exchange_rank-comb_rank-select_rank-mut_pop_10_mut_1.000000_time_23.146600_,150,memetic,exchange,1,random-init,10,6058946,6174178,30.1157,1
N-t70f11xx_150,memetic_random-init_exchange_rank-comb_rank-select_rank-mut_pop_10_mut_0.000000_time_17.651800_,150,memetic,exchange,0,random-init,10,5058824,5150097,23.1365,1
N-t70f11xx_150,memetic_random-init_exchange_rank-comb_rank-select_rank-mut_pop_10_mut_0.100000_time_17.651800_,150,memetic,exchange,0.1,random-init,10,5057283,5150097,23.1493,1
N-t70f11xx_150,memetic_random-init_exchange_rank-comb_rank-select_rank-mut_pop_10_mut_0.200000_time_17.651800_,150,memetic,exchange,0.2,random-init,10,5077556,5150097,23.209,1
N-t70f11xx_150,memetic_random-init_exchange_rank-comb_rank-select_rank-mut_pop_10_mut_0.300000_time_17.651800_,150,memetic,exchange,0.3,random-init,10,5058948,5150097,23.2217,1
N-t70f11xx_150,memetic_random-init_exchange_rank-comb_rank-select_rank-mut_pop_10_mut_0.400000_time_17.651800_,150,memetic,exchange,0.4,random-init,10,5060800,5150097,23.1981,1
N-t70f11xx_150,memetic_random-init_exchange_rank-comb_rank-select_rank-mut_pop_10_mut_0.500000_time_17.651800_,150,memetic,exchange,0.5,random-init,10,5061727,5150097,23.1562,1
N-t70f11xx_150,memetic_random-init_exchange_rank-comb_rank-select_rank-mut_pop_10_mut_0.700000_time_17.651800_,150,memetic,exchange,0.7,random-init,10,5059088,5150097,23.2275,1
N-t70f11xx_150,memetic_random-init_exchange_rank-comb_rank-select_rank-mut_pop_10_mut_0.900000_time_17.651800_,150,memetic,exchange,0.9,random-init,10,5080389,5150097,23.1966,1
N-t70f11xx_150,memetic_random-init_exchange_rank-comb_rank-select_rank-mut_pop_10_mut_1.000000_time_17.651800_,150,memetic,exchange,1,random-init,10,5064151,5150097,23.3884,1
N-t70l11xx_150,memetic_random-init_exchange_rank-comb_rank-select_rank-mut_pop_10_mut_0.000000_time_32.181300_,150,memetic,exchange,0,random-init,10,431661,436862,36.7771,1
N-t70l11xx_150,memetic_random-init_exchange_rank-comb_rank-select_rank-mut_pop_10_mut_0.100000_time_32.181300_,150,memetic,exchange,0.1,random-init,10,431931,436862,36.9464,1
N-t70l11xx_150,memetic_random-init_exchange_rank-comb_rank-select_rank-mut_pop_10_mut_0.200000_time_32.181300_,150,memetic,exchange,0.2,random-init,10,429326,436862,36.874,1
N-t70l11xx_150,memetic_random-init_exchange_rank-comb_rank-select_rank-mut_pop_10_mut_0.300000_time_32.181300_,150,memetic,exchange,0.3,random-init,10,433408,436862,36.8637,0
N-t70l11xx_150,memetic_random-init_exchange_rank-comb_rank-select_rank-mut_pop_10_mut_0.400000_time_32.181300_,150,memetic,exchange,0.4,random-init,10,432820,436862,36.8912,0
N-t70l11xx_150,memetic_random-init_exchange_rank-comb_rank-select_rank-mut_pop_10_mut_0.500000_time_32.181300_,150,memetic,exchange,0.5,random-init,10,436115,436862,36.8836,0
N-t70l11xx_150,memetic_random-init_exchange_rank-comb_rank-select_rank-mut_pop_10_mut_0.700000_time_32.181300_,150,memetic,exchange,0.7,random-init,10,432555,436862,36.9598,0
N-t70l11xx_150,memetic_random-init_exchange_rank-comb_rank-select_rank-mut_pop_10_mut_0.900000_time_32.181300_,150,memetic,exchange,0.9,random-init,10,433395,436862,37.1322,0
N-t70l11xx_150,memetic_random-init_exchange_rank-comb_rank-select_rank-mut_pop_10_mut_1.000000_time_32.181300_,150,memetic,exchange,1,random-init,10,433670,436862,36.822,0
N-t70n11xx_150,memetic_random-init_exchange_rank-comb_rank-select_rank-mut_pop_10_mut_0.000000_time_24.375050_,150,memetic,exchange,0,random-init,10,935392,948913,30.423,1
N-t70n11xx_150,memetic_random-init_exchange_rank-comb_rank-select_rank-mut_pop_10_mut_0.100000_time_24.375050_,150,memetic,exchange,0.1,random-init,10,933729,948913,30.4128,1
N-t70n11xx_150,memetic_random-init_exchange_rank-comb_rank-select_rank-mut_pop_10_mut_0.200000_time_24.375050_,150,memetic,exchange,0.2,random-init,10,937044,948913,30.5077,1
N-t70n11xx_150,memetic_random-init_exchange_rank-comb_rank-select_rank-mut_pop_10_mut_0.300000_time_24.375050_,150,memetic,exchange,0.3,random-init,10,936188,948913,30.3815,1
N-t70n11xx_150,memetic_random-init_exchange_rank-comb_rank-select_rank-mut_pop_10_mut_0.400000_time_24.375050_,150,memetic,exchange,0.4,random-init,10,932151,948913,30.7469,1
N-t70n11xx_150,memetic_random-init_exchange_rank-comb_rank-select_rank-mut_pop_10_mut_0.500000_time_24.375050_,150,memetic,exchange,0.5,random-init,10,935915,948913,30.5891,1
N-t70n11xx_150,memetic_random-init_exchange_rank-comb_rank-select_rank-mut_pop_10_mut_0.700000_time_24.375050_,150,memetic,exchange,0.7,random-init,10,934360,948913,30.7747,1
N-t70n11xx_150,memetic_random-init_exchange_rank-comb_rank-select_rank-mut_pop_10_mut_0.900000_time_24.375050_,150,memetic,exchange,0.9,random-init,10,937773,948913,30.6087,1
N-t70n11xx_150,memetic_random-init_exchange_rank-comb_rank-select_rank-mut_pop_10_mut_1.000000_time_24.375050_,150,memetic,exchange,1,random-init,10,936017,948913,30.6897,1
N-t74d11xx_150,memetic_random-init_exchange_rank-comb_rank-select_rank-mut_pop_10_mut_0.000000_time_20.889100_,150,memetic,exchange,0,random-init,10,9218397,9396044,26.6726,1
N-t74d11xx_150,memetic_random-init_exchange_rank-comb_rank-select_rank-mut_pop_10_mut_0.100000_time_20.889100_,150,memetic,exchange,0.1,random-init,10,9254651,9396044,26.7255,1
N-t74d11xx_150,memetic_random-init_exchange_rank-comb_rank-select_rank-mut_pop_10_mut_0.200000_time_20.889100_,150,memetic,exchange,0.2,random-init,10,9259136,9396044,26.7726,1
N-t74d11xx_150,memetic_random-init_exchange_rank-comb_rank-select_rank-mut_pop_10_mut_0.300000_time_20.889100_,150,memetic,exchange,0.3,random-init,10,9248550,9396044,26.6915,1
N-t74d11xx_150,memetic_random-init_exchange_rank-comb_rank-select_rank-mut_pop_10_mut_0.400000_time_20.889100_,150,memetic,exchange,0.4,random-init,10,9253549,9396044,26.7037,1
N-t74d11xx_150,memetic_random-init_exchange_rank-comb_rank-select_rank-mut_pop_10_mut_0.500000_time_20.889100_,150,memetic,exchange,0.5,random-init,10,9260598,9396044,26.6998,1
N-t74d11xx_150,memetic_random-init_exchange_rank-comb_rank-select_rank-mut_pop_10_mut_0.700000_time_20.889100_,150,memetic,exchange,0.7,random-init,10,9262116,9396044,26.8072,1
N-t74d11xx_150,memetic_random-init_exchange_rank-comb_rank-select_rank-mut_pop_10_mut_0.900000_time_20.889100_,150,memetic,exchange,0.9,random-init,10,9229626,9396044,26.9942,1
N-t74d11xx_150,memetic_random-init_exchange_rank-comb_rank-select_rank-mut_pop_10_mut_1.000000_time_20.889100_,150,memetic,exchange,1,random-init,10,9249862,9396044,26.7612,1
N-t75d11xx_150,memetic_random-init_exchange_rank-comb_rank-select_rank-mut_pop_10_mut_0.000000_time_24.323500_,150,memetic,exchange,0,random-init,10,9469877,9642140,31.3225,1
N-t75d11xx_150,memetic_random-init_exchange_rank-comb_rank-select_rank-mut_pop_10_mut_0.100000_time_24.323500_,150,memetic,exchange,0.1,random-init,10,9495074,9642140,31.3124,1
N-t75d11xx_150,memetic_random-init_exchange_rank-comb_rank-select_rank-mut_pop_10_mut_0.200000_time_24.323500_,150,memetic,exchange,0.2,random-init,10,9493819,9642140,31.3148,1
N-t75d11xx_150,memetic_random-init_exchange_rank-comb_rank-select_rank-mut_pop_10_mut_0.300000_time_24.323500_,150,memetic,exchange,0.3,random-init,10,9479279,9642140,31.2297,1
N-t75d11xx_150,memetic_random-init_exchange_rank-comb_rank-select_rank-mut_pop_10_mut_0.400000_time_24.323500_,150,memetic,exchange,0.4,random-init,10,9483747,9642140,31.2562,1
N-t75d11xx_150,memetic_random-init_exchange_rank-comb_rank-select_rank-mut_pop_10_mut_0.500000_time_24.323500_,150,memetic,exchange,0.5,random-init,10,9493435,9642140,31.3664,1
N-t75d11xx_150,memetic_random-init_exchange_rank-comb_rank-select_rank-mut_pop_10_mut_0.700000_time_24.323500_,150,memetic,exchange,0.7,random-init,10,9478447,9642140,31.2475,1
N-t75d11xx_150,memetic_random-init_exchange_rank-comb_rank-select_rank-mut_pop_10_mut_0.900000_time_24.323500_,150,memetic,exchange,0.9,random-init,10,9485679,9642140,31.3655,1
N-t75d11xx_150,memetic_random-init_exchange_rank-comb_rank-select_rank-mut_pop_10_mut_1.000000_time_24.323500_,150,memetic,exchange,1,random-init,10,9492248,9642140,31.8352,1
N-t75e11xx_150,memetic_random-init_exchange_rank-comb_rank-select_rank-mut_pop_10_mut_0.000000_time_22.893450_,150,memetic,exchange,0,random-init,10,41074216,41570193,30.6301,1
N-t75e11xx_150,memetic_random-init_exchange_rank-comb_rank-select_rank-mut_pop_10_mut_0.100000_time_22.893450_,150,memetic,exchange,0.1,random-init,10,41040237,41570193,30.5961,1
N-t75e11xx_150,memetic_random-init_exchange_rank-comb_rank-select_rank-mut_pop_10_mut_0.200000_time_22.893450_,150,memetic,exchange,0.2,random-init,10,41005300,41570193,30.5963,1
N-t75e11xx_150,memetic_random-init_exchange_rank-comb_rank-select_rank-mut_pop_10_mut_0.300000_time_22.893450_,150,memetic,exchange,0.3,random-init,10,40926227,41570193,30.7922,1
N-t75e11xx_150,memetic_random-init_exchange_rank-comb_rank-select_rank-mut_pop_10_mut_0.400000_time_22.893450_,150,memetic,exchange,0.4,random-init,10,40991579,41570193,30.8405,1
N-t75e11xx_150,memetic_random-init_exchange_rank-comb_rank-select_rank-mut_pop_10_mut_0.500000_time_22.893450_,150,memetic,exchange,0.5,random-init,10,40938357,41570193,30.6889,1
N-t75e11xx_150,memetic_random-init_exchange_rank-comb_rank-select_rank-mut_pop_10_mut_0.700000_time_22.893450_,150,memetic,exchange,0.7,random-init,10,41067542,41570193,30.7344,1
N-t75e11xx_150,memetic_random-init_exchange_rank-comb_rank-select_rank-mut_pop_10_mut_0.900000_time_22.893450_,150,memetic,exchange,0.9,random-init,10,41046438,41570193,30.9452,1
N-t75e11xx_150,memetic_random-init_exchange_rank-comb_rank-select_rank-mut_pop_10_mut_1.000000_time_22.893450_,150,memetic,exchange,1,random-init,10,41019870,41570193,30.9416,1
N-t75k11xx_150,memetic_random-init_exchange_rank-comb_rank-select_rank-mut_pop_10_mut_0.000000_time_27.109500_,150,memetic,exchange,0,random-init,10,1519404,1541596,33.3267,1
N-t75k11xx_150,memetic_random-init_exchange_rank-comb_rank-select_rank-mut_pop_10_mut_0.100000_time_27.109500_,150,memetic,exchange,0.1,random-init,10,1531628,1541596,33.2287,0
N-t75k11xx_150,memetic_random-init_exchange_rank-comb_rank-select_rank-mut_pop_10_mut_0.200000_time_27.109500_,150,memetic,exchange,0.2,random-init,10,1532847,1541596,33.2757,0
N-t75k11xx_150,memetic_random-init_exchange_rank-comb_rank-select_rank-mut_pop_10_mut_0.300000_time_27.109500_,150,memetic,exchange,0.3,random-init,10,1534779,1541596,33.3559,0
N-t75k11xx_150,memetic_random-init_exchange_rank-comb_rank-select_rank-mut_pop_10_mut_0.400000_time_27.109500_,150,memetic,exchange,0.4,random-init,10,1533800,1541596,33.4224,0
N-t75k11xx_150,memetic_random-init_exchange_rank-comb_rank-select_rank-mut_pop_10_mut_0.500000_time_27.109500_,150,memetic,exchange,0.5,random-init,10,1532060,1541596,33.4737,0
N-t75k11xx_150,memetic_random-init_exchange_rank-comb_rank-select_rank-mut_pop_10_mut_0.700000_time_27.109500_,150,memetic,exchange,0.7,random-init,10,1533038,1541596,33.299,0
N-t75k11xx_150,memetic_random-init_exchange_rank-comb_rank-select_rank-mut_pop_10_mut_0.900000_time_27.109500_,150,memetic,exchange,0.9,random-init,10,1533804,1541596,33.3455,0
N-t75k11xx_150,memetic_random-init_exchange_rank-comb_rank-select_rank-mut_pop_10_mut_1.000000_time_27.109500_,150,memetic,exchange,1,random-init,10,1531639,1541596,33.2159,0
N-t75n11xx_150,memetic_random-init_exchange_rank-comb_rank-select_rank-mut_pop_10_mut_0.000000_time_23.607150_,150,memetic,exchange,0,random-init,10,1704026,1743094,29.3804,2
N-t75n11xx_150,memetic_random-init_exchange_rank-comb_rank-select_rank-mut_pop_10_mut_0.100000_time_23.607150_,150,memetic,exchange,0.1,random-init,10,1712928,1743094,29.3734,1
N-t75n11xx_150,memetic_random-init_exchange_rank-comb_rank-select_rank-mut_pop_10_mut_0.200000_time_23.607150_,150,memetic,exchange,0.2,random-init,10,1712797,1743094,29.4632,1
N-t75n11xx_150,memetic_random-init_exchange_rank-comb_rank-select_rank-mut_pop_10_mut_0.300000_time_23.607150_,150,memetic,exchange,0.3,random-init,10,1711371,1743094,29.3808,1
N-t75n11xx_150,memetic_random-init_exchange_rank-comb_rank-select_rank-mut_pop_10_mut_0.400000_time_23.607150_,150,memetic,exchange,0.4,random-init,10,1713841,1743094,29.5307,1
N-t75n11xx_150,memetic_random-init_exchange_rank-comb_rank-select_rank-mut_pop_10_mut_0.500000_time_23.607150_,150,memetic,exchange,0.5,random-init,10,1710519,1743094,29.4631,1
N-t75n11xx_150,memetic_random-init_exchange_rank-comb_rank-select_rank-mut_pop_10_mut_0.700000_time_23.607150_,150,memetic,exchange,0.7,random-init,10,1712842,1743094,29.5782,1
N-t75n11xx_150,memetic_random-init_exchange_rank-comb_rank-select_rank-mut_pop_10_mut_0.900000_time_23.607150_,150,memetic,exchange,0.9,random-init,10,1711635,1743094,29.3947,1
N-t75n11xx_150,memetic_random-init_exchange_rank-comb_rank-select_rank-mut_pop_10_mut_1.000000_time_23.607150_,150,memetic,exchange,1,random-init,10,1711088,1743094,29.6891,1
N-tiw56n54_150,memetic_random-init_exchange_rank-comb_rank-select_rank-mut_pop_10_mut_0.000000_time_21.121500_,150,memetic,exchange,0,random-init,10,822204,837945,28.0203,1
N-tiw56n54_150,memetic_random-init_exchange_rank-comb_rank-select_rank-mut_pop_10_mut_0.100000_time_21.121500_,150,memetic,exchange,0.1,random-init,10,830600,837945,28.0482,0
N-tiw56n54_150,memetic_random-init_exchange_rank-comb_rank-select_rank-mut_pop_10_mut_0.200000_time_21.121500_,150,memetic,exchange,0.2,random-init,10,825908,837945,28.0249,1
N-tiw56n54_150,memetic_random-init_exchange_rank-comb_rank-select_rank-mut_pop_10_mut_0.300000_time_21.121500_,150,memetic,exchange,0.3,random-init,10,831443,837945,28.0692,0
N-tiw56n54_150,memetic_random-init_exchange_rank-comb_rank-select_rank-mut_pop_10_mut_0.400000_time_21.121500_,150,memetic,exchange,0.4,random-init,10,830629,837945,28.1532,0
N-tiw56n54_150,memetic_random-init_exchange_rank-comb_rank-select_rank-mut_pop_10_mut_0.500000_time_21.121500_,150,memetic,exchange,0.5,random-init,10,827468,837945,28.1659,1
N-tiw56n54_150,memetic_random-init_exchange_rank-comb_rank-select_rank-mut_pop_10_mut_0.700000_time_21.121500_,150,memetic,exchange,0.7,random-init,10,830308,837945,28.0981,0
N-tiw56n54_150,memetic_random-init_exchange_rank-comb_rank-select_rank-mut_pop_10_mut_0.900000_time_21.121500_,150,memetic,exchange,0.9,random-init,10,825606,837945,28.0355,1
N-tiw56n54_150,memetic_random-init_exchange_rank-comb_rank-select_rank-mut_pop_10_mut_1.000000_time_21.121500_,150,memetic,exchange,1,random-init,10,829758,837945,28.2424,0
N-tiw56n58_150,memetic_random-init_exchange_rank-comb_rank-select_rank-mut_pop_10_mut_0.000000_time_22.818600_,150,memetic,exchange,0,random-init,10,1137616,1155392,28.7138,1
N-tiw56n58_150,memetic_random-init_exchange_rank-comb_rank-select_rank-mut_pop_10_mut_0.100000_time_22.818600_,150,memetic,exchange,0.1,random-init,10,1137188,1155392,28.7885,1
N-tiw56n58_150,memetic_random-init_exchange_rank-comb_rank-select_rank-mut_pop_10_mut_0.200000_time_22.818600_,150,memetic,exchange,0.2,random-init,10,1140018,1155392,28.7482,1
N-tiw56n58_150,memetic_random-init_exchange_rank-comb_rank-select_rank-mut_pop_10_mut_0.300000_time_22.818600_,150,memetic,exchange,0.3,random-init,10,1137867,1155392,28.7904,1
N-tiw56n58_150,memetic_random-init_exchange_rank-comb_rank-select_rank-mut_pop_10_mut_0.400000_time_22.818600_,150,memetic,exchange,0.4,random-init,10,1138357,1155392,28.862,1
N-tiw56n58_150,memetic_random-init_exchange_rank-comb_rank-select_rank-mut_pop_10_mut_0.500000_time_22.818600_,150,memetic,exchange,0.5,random-init,10,1138847,1155392,28.7991,1
N-tiw56n58_150,memetic_random-init_exchange_rank-comb_rank-select_rank-mut_pop_10_mut_0.700000_time_22.818600_,150,memetic,exchange,0.7,random-init,10,1137691,1155392,28.98,1
N-tiw56n58_150,memetic_random-init_exchange_rank-comb_rank-select_rank-mut_pop_10_mut_0.900000_time_22.818600_,150,memetic,exchange,0.9,random-init,10,1139644,1155392,29.0076,1
N-tiw56n58_150,memetic_random-init_exchange_rank-comb_rank-select_rank-mut_pop_10_mut_1.000000_time_22.818600_,150,memetic,exchange,1,random-init,10,1139007,1155392,28.865,1
N-tiw56n62_150,memetic_random-init_exchange_rank-comb_rank-select_rank-mut_pop_10_mut_0.000000_time_22.412250_,150,memetic,exchange,0,random-init,10,1603231,1626921,28.0609,1
N-tiw56n62_150,memetic_random-init_exchange_rank-comb_rank-select_rank-mut_pop_10_mut_0.100000_time_22.412250_,150,memetic,exchange,0.1,random-init,10,1608522,1626921,28.0483,1
N-tiw56n62_150,memetic_random-init_exchange_rank-comb_rank-select_rank-mut_pop_10_mut_0.200000_time_22.412250_,150,memetic,exchange,0.2,random-init,10,1604691,1626921,28.0331,1
N-tiw56n62_150,memetic_random-init_exchange_rank-comb_rank-select_rank-mut_pop_10_mut_0.300000_time_22.412250_,150,memetic,exchange,0.3,random-init,10,1609008,1626921,28.0557,1
N-tiw56n62_150,memetic_random-init_exchange_rank-comb_rank-select_rank-mut_pop_10_mut_0.400000_time_22.412250_,150,memetic,exchange,0.4,random-init,10,1607953,1626921,28.0236,1
N-tiw56n62_150,memetic_random-init_exchange_rank-comb_rank-select_rank-mut_pop_10_mut_0.500000_time_22.412250_,150,memetic,exchange,0.5,random-init,10,1607216,1626921,28.041,1
N-tiw56n62_150,memetic_random-init_exchange_rank-comb_rank-select_rank-mut_pop_10_mut_0.700000_time_22.412250_,150,memetic,exchange,0.7,random-init,10,1607717,1626921,28.0362,1
N-tiw56n62_150,memetic_random-init_exchange_rank-comb_rank-select_rank-mut_pop_10_mut_0.900000_time_22.412250_,150,memetic,exchange,0.9,random-init,10,1609383,1626921,28.1628,1
N-tiw56n62_150,memetic_random-init_exchange_rank-comb_rank-select_rank-mut_pop_10_mut_1.000000_time_22.412250_,150,memetic,exchange,1,random-init,10,1608859,1626921,28.0324,1
N-tiw56n66_150,memetic_random-init_exchange_rank-comb_rank-select_rank-mut_pop_10_mut_0.000000_time_20.651550_,150,memetic,exchange,0,random-init,10,2063766,2107619,26.175,2
N-tiw56n66_150,memetic_random-init_exchange_rank-comb_rank-select_rank-mut_pop_10_mut_0.100000_time_20.651550_,150,memetic,exchange,0.1,random-init,10,2083193,2107619,26.1887,1
N-tiw56n66_150,memetic_random-init_exchange_rank-comb_rank-select_rank-mut_pop_10_mut_0.200000_time_20.651550_,150,memetic,exchange,0.2,random-init,10,2077969,2107619,26.1555,1
N-tiw56n66_150,memetic_random-init_exchange_rank-comb_rank-select_rank-mut_pop_10_mut_0.300000_time_20.651550_,150,memetic,exchange,0.3,random-init,10,2084222,2107619,26.2823,1
N-tiw56n66_150,memetic_random-init_exchange_rank-comb_rank-select_rank-mut_pop_10_mut_0.400000_time_20.651550_,150,memetic,exchange,0.4,random-init,10,2081120,2107619,26.2477,1
N-tiw56n66_150,memetic_random-init_exchange_rank-comb_rank-select_rank-mut_pop_10_mut_0.500000_time_20.651550_,150,memetic,exchange,0.5,random-init,10,2082517,2107619,26.238,1
N-tiw56n66_150,memetic_random-init_exchange_rank-comb_rank-select_rank-mut_pop_10_mut_0.700000_time_20.651550_,150,memetic,exchange,0.7,random-init,10,2076653,2107619,26.1796,1
N-tiw56n66_150,memetic_random-init_exchange_rank-comb_rank-select_rank-mut_pop_10_mut_0.900000_time_20.651550_,150,memetic,exchange,0.9,random-init,10,2078121,2107619,26.4286,1
N-tiw56n66_150,memetic_random-init_exchange_rank-comb_rank-select_rank-mut_pop_10_mut_1.000000_time_20.651550_,150,memetic,exchange,1,random-init,10,2081061,2107619,26.3395,1
N-tiw56n67_150,memetic_random-init_exchange_rank-comb_rank-select_rank-mut_pop_10_mut_0.000000_time_23.695450_,150,memetic,exchange,0,random-init,10,2327642,2372926,29.4595,1
N-tiw56n67_150,memetic_random-init_exchange_rank-comb_rank-select_rank-mut_pop_10_mut_0.100000_time_23.695450_,150,memetic,exchange,0.1,random-init,10,2333654,2372926,29.5016,1
N-tiw56n67_150,memetic_random-init_exchange_rank-comb_rank-select_rank-mut_pop_10_mut_0.200000_time_23.695450_,150,memetic,exchange,0.2,random-init,10,2342017,2372926,29.4801,1
N-tiw56n67_150,memetic_random-init_exchange_rank-comb_rank-select_rank-mut_pop_10_mut_0.300000_time_23.695450_,150,memetic,exchange,0.3,random-init,10,2343064,2372926,29.4689,1
N-tiw56n67_150,memetic_random-init_exchange_rank-comb_rank-select_rank-mut_pop_10_mut_0.400000_time_23.695450_,150,memetic,exchange,0.4,random-init,10,2345447,2372926,29.474,1
N-tiw56n67_150,memetic_random-init_exchange_rank-comb_rank-select_rank-mut_pop_10_mut_0.500000_time_23.695450_,150,memetic,exchange,0.5,random-init,10,2342346,2372926,29.5634,1
N-tiw56n67_150,memetic_random-init_exchange_rank-comb_rank-select_rank-mut_pop_10_mut_0.700000_time_23.695450_,150,memetic,exchange,0.7,random-init,10,2338411,2372926,29.4756,1
N-tiw56n67_150,memetic_random-init_exchange_rank-comb_rank-select_rank-mut_pop_10_mut_0.900000_time_23.695450_,150,memetic,exchange,0.9,random-init,10,2334929,2372926,29.6441,1
N-tiw56n67_150,memetic_random-init_exchange_rank-comb_rank-select_rank-mut_pop_10_mut_1.000000_time_23.695450_,150,memetic,exchange,1,random-init,10,2340676,2372926,29.7523,1
N-tiw56n72_150,memetic_random-init_exchange_rank-comb_rank-select_rank-mut_pop_10_mut_0.000000_time_23.767750_,150,memetic,exchange,0,random-init,10,4052636,4135907,30.468,2
N-tiw56n72_150,memetic_random-init_exchange_rank-comb_rank-select_rank-mut_pop_10_mut_0.100000_time_23.767750_,150,memetic,exchange,0.1,random-init,10,4053278,4135907,30.4722,1
N-tiw56n72_150,memetic_random-init_exchange_rank-comb_rank-select_rank-mut_pop_10_mut_0.200000_time_23.767750_,150,memetic,exchange,0.2,random-init,10,4069863,4135907,30.5044,1
N-tiw56n72_150,memetic_random-init_exchange_rank-comb_rank-select_rank-mut_pop_10_mut_0.300000_time_23.767750_,150,memetic,exchange,0.3,random-init,10,4066683,4135907,30.4337,1
N-tiw56n72_150,memetic_random-init_exchange_rank-comb_rank-select_rank-mut_pop_10_mut_0.400000_time_23.767750_,150,memetic,exchange,0.4,random-init,10,4066528,4135907,30.6335,1
N-tiw56n72_150,memetic_random-init_exchange_rank-comb_rank-select_rank-mut_pop_10_mut_0.500000_time_23.767750_,150,memetic,exchange,0.5,random-init,10,4073522,4135907,30.6169,1
N-tiw56n72_150,memetic_random-init_exchange_rank-comb_rank-select_rank-mut_pop_10_mut_0.700000_time_23.767750_,150,memetic,exchange,0.7,random-init,10,4080179,4135907,30.7321,1
N-tiw56n72_150,memetic_random-init_exchange_rank-comb_rank-select_rank-mut_pop_10_mut_0.900000_time_23.767750_,150,memetic,exchange,0.9,random-init,10,4063311,4135907,30.4327,1
N-tiw56n72_150,memetic_random-init_exchange_rank-comb_rank-select_rank-mut_pop_10_mut_1.000000_time_23.767750_,150,memetic,exchange,1,random-init,10,4065396,4135907,30.5028,1
N-tiw56r54_150,memetic_random-init_exchange_rank-comb_rank-select_rank-mut_pop_10_mut_0.000000_time_20.455200_,150,memetic,exchange,0,random-init,10,941319,958192,27.473,1
N-tiw56r54_150,memetic_random-init_exchange_rank-comb_rank-select_rank-mut_pop_10_mut_0.100000_time_20.455200_,150,memetic,exchange,0.1,random-init,10,940633,958192,27.5769,1
N-tiw56r54_150,memetic_random-init_exchange_rank-comb_rank-select_rank-mut_pop_10_mut_0.200000_time_20.455200_,150,memetic,exchange,0.2,random-init,10,941846,958192,27.4789,1
N-tiw56r54_150,memetic_random-init_exchange_rank-comb_rank-select_rank-mut_pop_10_mut_0.300000_time_20.455200_,150,memetic,exchange,0.3,random-init,10,941306,958192,27.5665,1
N-tiw56r54_150,memetic_random-init_exchange_rank-comb_rank-select_rank-mut_pop_10_mut_0.400000_time_20.455200_,150,memetic,exchange,0.4,random-init,10,941158,958192,27.4979,1
N-tiw56r54_150,memetic_random-init_exchange_rank-comb_rank-select_rank-mut_pop_10_mut_0.500000_time_20.455200_,150,memetic,exchange,0.5,random-init,10,940903,958192,27.5186,1
N-tiw56r54_150,memetic_random-init_exchange_rank-comb_rank-select_rank-mut_pop_10_mut_0.700000_time_20.455200_,150,memetic,exchange,0.7,random-init,10,942719,958192,27.4999,1
N-tiw56r54_150,memetic_random-init_exchange_rank-comb_rank-select_rank-mut_pop_10_mut_0.900000_time_20.455200_,150,memetic,exchange,0.9,random-init,10,940536,958192,27.6153,1
N-tiw56r54_150,memetic_random-init_exchange_rank-comb_rank-select_rank-mut_pop_10_mut_1.000000_time_20.455200_,150,memetic,exchange,1,random-init,10,940436,958192,27.4652,1
N-tiw56r58_150,memetic_random-init_exchange_rank-comb_rank-select_rank-mut_pop_10_mut_0.000000_time_24.272400_,150,memetic,exchange,0,random-init,10,1205041,1219295,30.8302,1
N-tiw56r58_150,memetic_random-init_exchange_rank-comb_rank-select_rank-mut_pop_10_mut_0.100000_time_24.272400_,150,memetic,exchange,0.1,random-init,10,1204540,1219295,30.8425,1
N-tiw56r58_150,memetic_random-init_exchange_rank-comb_rank-select_rank-mut_pop_10_mut_0.200000_time_24.272400_,150,memetic,exchange,0.2,random-init,10,1210258,1219295,30.7704,0
N-tiw56r58_150,memetic_random-init_exchange_rank-comb_rank-select_rank-mut_pop_10_mut_0.300000_time_24.272400_,150,memetic,exchange,0.3,random-init,10,1206465,1219295,30.7725,1
N-tiw56r58_150,memetic_random-init_exchange_rank-comb_rank-select_rank-mut_pop_10_mut_0.400000_time_24.272400_,150,memetic,exchange,0.4,random-init,10,1201825,1219295,30.8199,1
N-tiw56r58_150,memetic_random-init_exchange_rank-comb_rank-select_rank-mut_pop_10_mut_0.500000_time_24.272400_,150,memetic,exchange,0.5,random-init,10,1205927,1219295,30.788,1
N-tiw56r58_150,memetic_random-init_exchange_rank-comb_rank-select_rank-mut_pop_10_mut_0.700000_time_24.272400_,150,memetic,exchange,0.7,random-init,10,1201937,1219295,30.7544,1
N-tiw56r58_150,memetic_random-init_exchange_rank-comb_rank-select_rank-mut_pop_10_mut_0.900000_time_24.272400_,150,memetic,exchange,0.9,random-init,10,1204618,1219295,30.9449,1
N-tiw56r58_150,memetic_random-init_exchange_rank-comb_rank-select_rank-mut_pop_10_mut_1.000000_time_24.272400_,150,memetic,exchange,1,random-init,10,1202595,1219295,30.9212,1
N-tiw56r66_150,memetic_random-init_exchange_rank-comb_rank-select_rank-mut_pop_10_mut_0.000000_time_20.044650_,150,memetic,exchange,0,random-init,10,1907351,1940755,24.9069,1
N-tiw56r66_150,memetic_random-init_exchange_rank-comb_rank-select_rank-mut_pop_10_mut_0.100000_time_20.044650_,150,memetic,exchange,0.1,random-init,10,1915429,1940755,24.9545,1
N-tiw56r66_150,memetic_random-init_exchange_rank-comb_rank-select_rank-mut_pop_10_mut_0.200000_time_20.044650_,150,memetic,exchange,0.2,random-init,10,1910886,1940755,24.8799,1
N-tiw56r66_150,memetic_random-init_exchange_rank-comb_rank-select_rank-mut_pop_10_mut_0.300000_time_20.044650_,150,memetic,exchange,0.3,random-init,10,1915543,1940755,24.9031,1
N-tiw56r66_150,memetic_random-init_exchange_rank-comb_rank-select_rank-mut_pop_10_mut_0.400000_time_20.044650_,150,memetic,exchange,0.4,random-init,10,1912223,1940755,24.899,1
N-tiw56r66_150,memetic_random-init_exchange_rank-comb_rank-select_rank-mut_pop_10_mut_0.500000_time_20.044650_,150,memetic,exchange,0.5,random-init,10,1914594,1940755,24.9193,1
N-tiw56r66_150,memetic_random-init_exchange_rank-comb_rank-select_rank-mut_pop_10_mut_0.700000_time_20.044650_,150,memetic,exchange,0.7,random-init,10,1911645,1940755,25.0384,1
N-tiw56r66_150,memetic_random-init_exchange_rank-comb_rank-select_rank-mut_pop_10_mut_0.900000_time_20.044650_,150,memetic,exchange,0.9,random-init,10,1912050,1940755,25.0724,1
N-tiw56r66_150,memetic_random-init_exchange_rank-comb_rank-select_rank-mut_pop_10_mut_1.000000_time_20.044650_,150,memetic,exchange,1,random-init,10,1916233,1940755,25.1664,1
N-tiw56r67_150,memetic_random-init_exchange_rank-comb_rank-select_rank-mut_pop_10_mut_0.000000_time_28.817300_,150,memetic,exchange,0,random-init,10,2017845,2056347,34.3001,1
N-tiw56r67_150,memetic_random-init_exchange_rank-comb_rank-select_rank-mut_pop_10_mut_0.100000_time_28.817300_,150,memetic,exchange,0.1,random-init,10,2020074,2056347,34.3579,1
N-tiw56r67_150,memetic_random-init_exchange_rank-comb_rank-select_rank-mut_pop_10_mut_0.200000_time_28.817300_,150,memetic,exchange,0.2,random-init,10,2039308,2056347,34.2986,0
N-tiw56r67_150,memetic_random-init_exchange_rank-comb_rank-select_rank-mut_pop_10_mut_0.300000_time_28.817300_,150,memetic,exchange,0.3,random-init,10,2034461,2056347,34.3034,1
N-tiw56r67_150,memetic_random-init_exchange_rank-comb_rank-select_rank-mut_pop_10_mut_0.400000_time_28.817300_,150,memetic,exchange,0.4,random-init,10,2021085,2056347,34.4242,1
N-tiw56r67_150,memetic_random-init_exchange_rank-comb_rank-select_rank-mut_pop_10_mut_0.500000_time_28.817300_,150,memetic,exchange,0.5,random-init,10,2025187,2056347,34.6201,1
N-tiw56r67_150,memetic_random-init_exchange_rank-comb_rank-select_rank-mut_pop_10_mut_0.700000_time_28.817300_,150,memetic,exchange,0.7,random-init,10,2031052,2056347,34.3888,1
N-tiw56r67_150,memetic_random-init_exchange_rank-comb_rank-select_rank-mut_pop_10_mut_0.900000_time_28.817300_,150,memetic,exchange,0.9,random-init,10,2032282,2056347,35.1181,1
N-tiw56r67_150,memetic_random-init_exchange_rank-comb_rank-select_rank-mut_pop_10_mut_1.000000_time_28.817300_,150,memetic,exchange,1,random-init,10,2034863,2056347,34.6419,1
N-tiw56r72_150,memetic_random-init_exchange_rank-comb_rank-select_rank-mut_pop_10_mut_0.000000_time_22.411350_,150,memetic,exchange,0,random-init,10,2746141,2823758,28.3872,2
N-tiw56r72_150,memetic_random-init_exchange_rank-comb_rank-select_rank-mut_pop_10_mut_0.100000_time_22.411350_,150,memetic,exchange,0.1,random-init,10,2745955,2823758,28.4231,2
N-tiw56r72_150,memetic_random-init_exchange_rank-comb_rank-select_rank-mut_pop_10_mut_0.200000_time_22.411350_,150,memetic,exchange,0.2,random-init,10,2762478,2823758,28.3999,2
N-tiw56r72_150,memetic_random-init_exchange_rank-comb_rank-select_rank-mut_pop_10_mut_0.300000_time_22.411350_,150,memetic,exchange,0.3,random-init,10,2765624,2823758,28.2566,2
N-tiw56r72_150,memetic_random-init_exchange_rank-comb_rank-select_rank-mut_pop_10_mut_0.400000_time_22.411350_,150,memetic,exchange,0.4,random-init,10,2752769,2823758,28.3767,2
N-tiw56r72_150,memetic_random-init_exchange_rank-comb_rank-select_rank-mut_pop_10_mut_0.500000_time_22.411350_,150,memetic,exchange,0.5,random-init,10,2750600,2823758,28.3468,2
N-tiw56r72_150,memetic_random-init_exchange_rank-comb_rank-select_rank-mut_pop_10_mut_0.700000_time_22.411350_,150,memetic,exchange,0.7,random-init,10,2763701,2823758,28.3146,2
N-tiw56r72_150,memetic_random-init_exchange_rank-comb_rank-select_rank-mut_pop_10_mut_0.900000_time_22.411350_,150,memetic,exchange,0.9,random-init,10,2767293,2823758,28.5052,1
N-tiw56r72_150,memetic_random-init_exchange_rank-comb_rank-select_rank-mut_pop_10_mut_1.000000_time_22.411350_,150,memetic,exchange,1,random-init,10,2751651,2823758,28.2846,2
